-- Insertando 100 filas adicionales
INSERT INTO authors (author_id, name, nationality)
VALUES 
    (1, 'Jane Austen', 'ENG'),
    (2, 'Leo Tolstoy', 'RUS'),
    (3, 'Gabriel Garcia Marquez', 'COL'),
    (4, 'Haruki Murakami', 'JPN'),
    (5, 'Mark Twain', 'USA');

INSERT INTO authors (author_id, name, nationality)
VALUES 
    (6, 'Agatha Christie', 'ENG'),
    (7, 'Fyodor Dostoevsky', 'RUS'),
    (8, 'Pablo Neruda', 'CHL'),
    (9, 'Jane Doe', 'USA'),
    (10, 'John Doe', 'USA'),
    (11, 'Isabel Allende', 'CHL'),
    (12, 'Hermann Hesse', 'DEU'),
    (13, 'Ernest Hemingway', 'USA'),
    (14, 'Gabrielle Garcia', 'COL'),
    (15, 'Yasunari Kawabata', 'JPN'),
    (16, 'Jorge Luis Borges', 'ARG'),
    (17, 'Edgar Allan Poe', 'USA'),
    (18, 'Virginia Woolf', 'ENG'),
    (19, 'George Orwell', 'ENG'),
    (20, 'Franz Kafka', 'AUT'),
    (21, 'Marcel Proust', 'FRA'),
    (22, 'Emily Dickinson', 'USA'),
    (23, 'Anton Chekhov', 'RUS'),
    (24, 'Friedrich Nietzsche', 'DEU'),
    (25, 'Leo Tolstoy', 'RUS'),
    (26, 'Haruki Murakami', 'JPN'),
    (27, 'Mark Twain', 'USA'),
    (28, 'William Shakespeare', 'ENG'),
    (29, 'Charles Dickens', 'ENG'),
    (30, 'Homer', 'GRC'),
    (31, 'Miguel de Cervantes', 'ESP'),
    (32, 'H.P. Lovecraft', 'USA'),
    (33, 'Oscar Wilde', 'IRL'),
    (34, 'George Eliot', 'ENG'),
    (35, 'Nathaniel Hawthorne', 'USA'),
    (36, 'Isaac Asimov', 'USA'),
    (37, 'J.K. Rowling', 'ENG'),
    (38, 'J.R.R. Tolkien', 'ENG'),
    (39, 'H.G. Wells', 'ENG'),
    (40, 'Ray Bradbury', 'USA'),
    (41, 'Dante Alighieri', 'ITA'),
    (42, 'Agnes Heller', 'HUN'),
    (43, 'Simone de Beauvoir', 'FRA'),
    (44, 'Plato', 'GRC'),
    (45, 'Confucius', 'CHN'),
    (46, 'T.S. Eliot', 'ENG'),
    (47, 'F. Scott Fitzgerald', 'USA'),
    (48, 'John Milton', 'ENG'),
    (49, 'Albert Camus', 'FRA'),
    (50, 'Sigmund Freud', 'AUT'),
    (51, 'Ralph Waldo Emerson', 'USA'),
    (52, 'Maya Angelou', 'USA'),
    (53, 'Pablo Picasso', 'ESP'),
    (54, 'Vincent van Gogh', 'NLD'),
    (55, 'Michelangelo', 'ITA'),
    (56, 'Leonardo da Vinci', 'ITA'),
    (57, 'Emily Brontë', 'ENG'),
    (58, 'Charlotte Brontë', 'ENG'),
    (59, 'Anne Frank', 'NLD'),
    (60, 'Albert Einstein', 'DEU'),
    (61, 'Niels Bohr', 'DNK'),
    (62, 'Marie Curie', 'POL'),
    (63, 'Isaac Newton', 'ENG'),
    (64, 'Galileo Galilei', 'ITA'),
    (65, 'Charles Darwin', 'ENG'),
    (66, 'Louis Pasteur', 'FRA'),
    (67, 'Alan Turing', 'ENG'),
    (68, 'Ada Lovelace', 'ENG'),
    (69, 'Nikola Tesla', 'SRB'),
    (70, 'Thomas Edison', 'USA'),
    (71, 'Alexander Graham Bell', 'SCO'),
    (72, 'Wolfgang Amadeus Mozart', 'AUT'),
    (73, 'Ludwig van Beethoven', 'DEU'),
    (74, 'Johann Sebastian Bach', 'DEU'),
    (75, 'Frederic Chopin', 'POL'),
    (76, 'Igor Stravinsky', 'RUS'),
    (77, 'Claude Debussy', 'FRA'),
    (78, 'Antonio Vivaldi', 'ITA'),
    (79, 'Georges Bizet', 'FRA'),
    (80, 'Walt Disney', 'USA'),
    (81, 'Charlie Chaplin', 'ENG'),
    (82, 'Alfred Hitchcock', 'ENG'),
    (83, 'Steven Spielberg', 'USA'),
    (84, 'Francis Ford Coppola', 'USA'),
    (85, 'George Lucas', 'USA'),
    (86, 'Stanley Kubrick', 'USA'),
    (87, 'Quentin Tarantino', 'USA'),
    (88, 'Martin Scorsese', 'USA'),
    (89, 'Akira Kurosawa', 'JPN'),
    (90, 'Hayao Miyazaki', 'JPN'),
    (91, 'Federico Fellini', 'ITA'),
    (92, 'Ingmar Bergman', 'SWE'),
    (93, 'Pedro Almodóvar', 'ESP'),
    (94, 'Yasujiro Ozu', 'JPN'),
    (95, 'Fritz Lang', 'AUT'),
    (96, 'Jean Renoir', 'FRA'),
    (97, 'Billy Wilder', 'AUT'),
    (98, 'John Ford', 'USA'),
    (99, 'Orson Welles', 'USA'),
    (100, 'Aki Kaurismäki', 'FIN');



INSERT INTO books (book_id, author_id, title, year, language, price, sellable, copies) VALUES ('1', '8', 'Under the Volcano', '1943', 'Ha', '40', '0', '4');
INSERT INTO books (book_id, author_id, title, year, language, price, sellable, copies) VALUES ('2', '79', 'Ladies in Retirement', '1899', 'Pa', '42', '0', '3');
INSERT INTO books (book_id, author_id, title, year, language, price, sellable, copies) VALUES ('3', '21', 'Paris Belongs to Us (Paris nous appartient)', '2003', 'Da', '47', '1', '2');
INSERT INTO books (book_id, author_id, title, year, language, price, sellable, copies) VALUES ('4', '34', 'Crackerjack', '1954', 'So', '22', '0', '4');
INSERT INTO books (book_id, author_id, title, year, language, price, sellable, copies) VALUES ('5', '79', 'Love Before Breakfast', '1901', 'Az', '12', '0', '1');
INSERT INTO books (book_id, author_id, title, year, language, price, sellable, copies) VALUES ('6', '71', 'Immortel (ad vitam) (Immortal)', '1930', 'Gu', '13', '1', '2');
INSERT INTO books (book_id, author_id, title, year, language, price, sellable, copies) VALUES ('7', '22', 'Song of the Little Road (Pather Panchali)', '1990', 'Ka', '43', '1', '3');
INSERT INTO books (book_id, author_id, title, year, language, price, sellable, copies) VALUES ('8', '78', 'Cookout, The', '1806', 'Ic', '46', '0', '2');
INSERT INTO books (book_id, author_id, title, year, language, price, sellable, copies) VALUES ('9', '97', 'Porkys Revenge', '1975', 'Ky', '27', '1', '2');
INSERT INTO books (book_id, author_id, title, year, language, price, sellable, copies) VALUES ('10', '32', 'Are You Listening?', '1983', 'Ge', '27', '0', '3');
INSERT INTO books (book_id, author_id, title, year, language, price, sellable, copies) VALUES ('11', '58', 'Cocaine Cowboys', '1905', 'Ge', '45', '0', '1');
INSERT INTO books (book_id, author_id, title, year, language, price, sellable, copies) VALUES ('12', '97', 'Santa Claus', '1900', 'Ge', '27', '0', '1');
INSERT INTO books (book_id, author_id, title, year, language, price, sellable, copies) VALUES ('13', '57', 'Why Me?', '1867', 'Ar', '17', '0', '4');
INSERT INTO books (book_id, author_id, title, year, language, price, sellable, copies) VALUES ('14', '24', 'Hostel: Part II', '1914', 'Ha', '14', '0', '2');
INSERT INTO books (book_id, author_id, title, year, language, price, sellable, copies) VALUES ('15', '22', 'Judex', '1933', 'Qu', '15', '1', '1');
INSERT INTO books (book_id, author_id, title, year, language, price, sellable, copies) VALUES ('16', '76', 'Science of Sleep, The (La science des rêves)', '1862', 'It', '25', '0', '4');
INSERT INTO books (book_id, author_id, title, year, language, price, sellable, copies) VALUES ('17', '78', 'Law and Order', '1803', 'Hi', '32', '1', '2');
INSERT INTO books (book_id, author_id, title, year, language, price, sellable, copies) VALUES ('18', '54', 'Sun Alley (Sonnenallee)', '1817', 'Dh', '34', '0', '3');
INSERT INTO books (book_id, author_id, title, year, language, price, sellable, copies) VALUES ('19', '92', 'Susan Lenox (Her Fall and Rise)', '2014', 'Fi', '36', '1', '1');
INSERT INTO books (book_id, author_id, title, year, language, price, sellable, copies) VALUES ('20', '82', 'What Matters Most', '1955', 'Po', '43', '0', '4');
INSERT INTO books (book_id, author_id, title, year, language, price, sellable, copies) VALUES ('21', '75', 'Wicked Blood', '1912', 'Ma', '15', '0', '2');
INSERT INTO books (book_id, author_id, title, year, language, price, sellable, copies) VALUES ('22', '18', 'Macbeth (a.k.a. Tragedy of Macbeth, The)', '1939', 'Lu', '33', '0', '3');
INSERT INTO books (book_id, author_id, title, year, language, price, sellable, copies) VALUES ('23', '96', 'What the Day Owes the Night', '1912', 'Po', '35', '1', '1');
INSERT INTO books (book_id, author_id, title, year, language, price, sellable, copies) VALUES ('24', '33', 'Codebreaker', '1991', 'Ge', '43', '0', '4');
INSERT INTO books (book_id, author_id, title, year, language, price, sellable, copies) VALUES ('25', '2', 'Education, An', '1877', 'Al', '23', '0', '3');
INSERT INTO books (book_id, author_id, title, year, language, price, sellable, copies) VALUES ('26', '26', 'Terror in a Texas Town', '1949', 'Ir', '42', '1', '1');
INSERT INTO books (book_id, author_id, title, year, language, price, sellable, copies) VALUES ('27', '13', 'Raising Cain', '1829', 'Ta', '34', '0', '1');
INSERT INTO books (book_id, author_id, title, year, language, price, sellable, copies) VALUES ('28', '67', 'Hunt, The (Caza, La)', '1941', 'Hu', '16', '1', '2');
INSERT INTO books (book_id, author_id, title, year, language, price, sellable, copies) VALUES ('29', '66', 'Promised Land', '1844', 'Sw', '35', '1', '2');
INSERT INTO books (book_id, author_id, title, year, language, price, sellable, copies) VALUES ('30', '11', 'Slaves of New York', '1843', 'Ge', '42', '0', '2');
INSERT INTO books (book_id, author_id, title, year, language, price, sellable, copies) VALUES ('31', '25', 'Portrait in Black', '1992', 'Yi', '31', '1', '2');
INSERT INTO books (book_id, author_id, title, year, language, price, sellable, copies) VALUES ('32', '63', 'Vodka, Mr. Palmu (Vodkaa, komisario Palmu)', '1859', 'Af', '38', '0', '3');
INSERT INTO books (book_id, author_id, title, year, language, price, sellable, copies) VALUES ('33', '46', 'Butch Cassidy and the Sundance Kid', '1908', 'Af', '16', '0', '1');
INSERT INTO books (book_id, author_id, title, year, language, price, sellable, copies) VALUES ('34', '2', 'Darkon', '1827', 'Pa', '21', '1', '3');
INSERT INTO books (book_id, author_id, title, year, language, price, sellable, copies) VALUES ('35', '80', 'Kicking and Screaming', '1972', 'Ar', '18', '0', '3');
INSERT INTO books (book_id, author_id, title, year, language, price, sellable, copies) VALUES ('36', '75', 'Jade', '1820', 'Ro', '46', '1', '1');
INSERT INTO books (book_id, author_id, title, year, language, price, sellable, copies) VALUES ('37', '51', '24th Day, The', '1951', 'Li', '27', '1', '2');
INSERT INTO books (book_id, author_id, title, year, language, price, sellable, copies) VALUES ('38', '44', 'Wicked', '1835', 'Te', '23', '1', '4');
INSERT INTO books (book_id, author_id, title, year, language, price, sellable, copies) VALUES ('39', '14', 'Graveyard of Honor (Shin jingi no hakaba)', '2013', 'Ma', '26', '0', '4');
INSERT INTO books (book_id, author_id, title, year, language, price, sellable, copies) VALUES ('40', '16', 'Giuseppe Makes a Movie', '2020', 'Sp', '33', '1', '4');
INSERT INTO books (book_id, author_id, title, year, language, price, sellable, copies) VALUES ('41', '67', 'Revenge of the Zombies', '1881', 'Sw', '28', '1', '2');
INSERT INTO books (book_id, author_id, title, year, language, price, sellable, copies) VALUES ('42', '1', 'Buud Yam', '2011', 'No', '34', '0', '1');
INSERT INTO books (book_id, author_id, title, year, language, price, sellable, copies) VALUES ('43', '74', 'Three Degrees Colder (3° kälter)', '1849', 'Sw', '41', '0', '4');
INSERT INTO books (book_id, author_id, title, year, language, price, sellable, copies) VALUES ('44', '2', 'Chain Lightning', '1888', 'Ma', '50', '0', '4');
INSERT INTO books (book_id, author_id, title, year, language, price, sellable, copies) VALUES ('45', '23', 'Rack, The', '1856', 'Bo', '24', '0', '1');
INSERT INTO books (book_id, author_id, title, year, language, price, sellable, copies) VALUES ('46', '80', 'Man Who Sued God, The', '1891', 'Th', '44', '0', '2');
INSERT INTO books (book_id, author_id, title, year, language, price, sellable, copies) VALUES ('47', '79', 'Wise Kids, The', '1880', 'Mo', '20', '0', '3');
INSERT INTO books (book_id, author_id, title, year, language, price, sellable, copies) VALUES ('48', '50', 'Park Is Mine, The', '1940', 'In', '44', '1', '3');
INSERT INTO books (book_id, author_id, title, year, language, price, sellable, copies) VALUES ('49', '65', 'Mr. Blandings Builds His Dream House', '1838', 'Ts', '38', '1', '2');
INSERT INTO books (book_id, author_id, title, year, language, price, sellable, copies) VALUES ('50', '61', 'Babar The Movie', '1844', 'Fr', '50', '0', '3');
INSERT INTO books (book_id, author_id, title, year, language, price, sellable, copies) VALUES ('51', '39', 'Tyler Perrys Madeas Big Happy Family', '1999', 'Dh', '45', '0', '1');
INSERT INTO books (book_id, author_id, title, year, language, price, sellable, copies) VALUES ('52', '87', 'Innerspace', '1967', 'No', '27', '0', '1');
INSERT INTO books (book_id, author_id, title, year, language, price, sellable, copies) VALUES ('53', '56', 'Brother from Another Planet, The', '1857', 'Ge', '29', '0', '1');
INSERT INTO books (book_id, author_id, title, year, language, price, sellable, copies) VALUES ('54', '1', 'Comfort of Strangers, The', '2003', 'No', '40', '1', '4');
INSERT INTO books (book_id, author_id, title, year, language, price, sellable, copies) VALUES ('55', '34', 'Hunger (Sult)', '1979', 'Be', '48', '0', '3');
INSERT INTO books (book_id, author_id, title, year, language, price, sellable, copies) VALUES ('56', '19', 'Bubble Boy', '1825', 'Pe', '45', '1', '4');
INSERT INTO books (book_id, author_id, title, year, language, price, sellable, copies) VALUES ('57', '36', 'Until Death', '1932', 'Ts', '30', '0', '3');
INSERT INTO books (book_id, author_id, title, year, language, price, sellable, copies) VALUES ('58', '40', 'Breaking the Rules', '1958', 'Po', '34', '0', '3');
INSERT INTO books (book_id, author_id, title, year, language, price, sellable, copies) VALUES ('59', '2', 'Samaritan Girl (Samaria)', '1864', 'It', '25', '0', '3');
INSERT INTO books (book_id, author_id, title, year, language, price, sellable, copies) VALUES ('60', '49', 'Blue', '1934', 'Cz', '45', '1', '1');
INSERT INTO books (book_id, author_id, title, year, language, price, sellable, copies) VALUES ('61', '67', 'DarkBlueAlmostBlack (Azuloscurocasinegro)', '1890', 'Fi', '36', '0', '2');
INSERT INTO books (book_id, author_id, title, year, language, price, sellable, copies) VALUES ('62', '51', 'Interstate 60', '1960', 'Ch', '45', '1', '1');
INSERT INTO books (book_id, author_id, title, year, language, price, sellable, copies) VALUES ('63', '24', 'She Had to Say Yes', '1850', 'Dz', '49', '0', '2');
INSERT INTO books (book_id, author_id, title, year, language, price, sellable, copies) VALUES ('64', '88', 'Nun, The (La monja) ', '1932', 'We', '16', '1', '4');
INSERT INTO books (book_id, author_id, title, year, language, price, sellable, copies) VALUES ('65', '30', 'Justice League: Crisis on Two Earths', '1917', 'Lu', '42', '1', '3');
INSERT INTO books (book_id, author_id, title, year, language, price, sellable, copies) VALUES ('66', '14', 'Small Town Gay Bar', '1926', 'Ay', '16', '1', '4');
INSERT INTO books (book_id, author_id, title, year, language, price, sellable, copies) VALUES ('67', '56', 'All That Jazz', '1876', 'Fi', '23', '0', '2');
INSERT INTO books (book_id, author_id, title, year, language, price, sellable, copies) VALUES ('68', '65', 'Showrunners: The Art of Running a TV Show', '1888', 'Ne', '19', '0', '2');
INSERT INTO books (book_id, author_id, title, year, language, price, sellable, copies) VALUES ('69', '81', 'My Führer', '1971', 'Zu', '49', '0', '3');
INSERT INTO books (book_id, author_id, title, year, language, price, sellable, copies) VALUES ('70', '45', 'Zathura', '1941', 'Ro', '36', '0', '4');
INSERT INTO books (book_id, author_id, title, year, language, price, sellable, copies) VALUES ('71', '20', 'Scars of Dracula', '1815', 'Ga', '47', '1', '3');
INSERT INTO books (book_id, author_id, title, year, language, price, sellable, copies) VALUES ('72', '59', 'Emergency Escape, The (Wyjscie awaryjne)', '1972', 'Ka', '44', '1', '2');
INSERT INTO books (book_id, author_id, title, year, language, price, sellable, copies) VALUES ('73', '49', 'Birth', '1802', 'Ts', '21', '1', '4');
INSERT INTO books (book_id, author_id, title, year, language, price, sellable, copies) VALUES ('74', '33', 'Violent City (Family, The) (Città violenta)', '1873', 'Gu', '36', '0', '4');
INSERT INTO books (book_id, author_id, title, year, language, price, sellable, copies) VALUES ('75', '91', 'Paz!', '1850', 'Dh', '32', '0', '4');
INSERT INTO books (book_id, author_id, title, year, language, price, sellable, copies) VALUES ('76', '25', 'Uncle Buck', '1911', 'In', '18', '0', '3');
INSERT INTO books (book_id, author_id, title, year, language, price, sellable, copies) VALUES ('77', '46', 'Fourth State, The (Die vierte Macht)', '1909', 'Te', '49', '0', '4');
INSERT INTO books (book_id, author_id, title, year, language, price, sellable, copies) VALUES ('78', '90', 'Love on the Run (Amour en fuite, L)', '1907', 'Fr', '50', '1', '1');
INSERT INTO books (book_id, author_id, title, year, language, price, sellable, copies) VALUES ('79', '53', 'Muriel, or The Time of Return ', '1821', 'Te', '44', '0', '4');
INSERT INTO books (book_id, author_id, title, year, language, price, sellable, copies) VALUES ('80', '3', 'Last Exorcism Part II, The', '1988', 'Ar', '46', '0', '3');
INSERT INTO books (book_id, author_id, title, year, language, price, sellable, copies) VALUES ('81', '63', 'Rock-A-Doodle', '1924', 'Hi', '48', '1', '2');
INSERT INTO books (book_id, author_id, title, year, language, price, sellable, copies) VALUES ('82', '70', 'Wild Man Blues', '1854', 'In', '23', '1', '3');
INSERT INTO books (book_id, author_id, title, year, language, price, sellable, copies) VALUES ('83', '53', 'Wrong Man, The', '1820', 'Te', '45', '1', '2');
INSERT INTO books (book_id, author_id, title, year, language, price, sellable, copies) VALUES ('84', '96', 'Travels with My Aunt', '1819', 'Gr', '46', '0', '2');
INSERT INTO books (book_id, author_id, title, year, language, price, sellable, copies) VALUES ('85', '64', 'Contraband', '1841', 'Zu', '27', '0', '2');
INSERT INTO books (book_id, author_id, title, year, language, price, sellable, copies) VALUES ('86', '69', 'Puppetmaster, The (Xi meng ren sheng)', '1873', 'Ma', '25', '1', '2');
INSERT INTO books (book_id, author_id, title, year, language, price, sellable, copies) VALUES ('87', '57', 'Bringing Down the House', '1836', 'Sw', '12', '0', '1');
INSERT INTO books (book_id, author_id, title, year, language, price, sellable, copies) VALUES ('88', '31', 'Light Years (Gandahar)', '1821', 'Fi', '20', '0', '3');
INSERT INTO books (book_id, author_id, title, year, language, price, sellable, copies) VALUES ('89', '37', 'Fool for Love', '1907', 'Or', '22', '0', '3');
INSERT INTO books (book_id, author_id, title, year, language, price, sellable, copies) VALUES ('90', '74', 'Forced to Kill', '1912', 'Ay', '25', '0', '4');
INSERT INTO books (book_id, author_id, title, year, language, price, sellable, copies) VALUES ('91', '50', 'William Shakespeares A Midsummer Nights Dream', '2009', 'Ta', '27', '1', '4');
INSERT INTO books (book_id, author_id, title, year, language, price, sellable, copies) VALUES ('92', '30', 'Pixar Story, The', '1869', 'Ne', '31', '1', '4');
INSERT INTO books (book_id, author_id, title, year, language, price, sellable, copies) VALUES ('93', '23', 'Visioneers', '1964', 'Ko', '47', '0', '1');
INSERT INTO books (book_id, author_id, title, year, language, price, sellable, copies) VALUES ('94', '46', 'Cocaine Cowboys II: Hustlin With the Godmother', '1855', 'As', '29', '0', '2');
INSERT INTO books (book_id, author_id, title, year, language, price, sellable, copies) VALUES ('95', '11', 'Where the Trail Ends', '1861', 'Gu', '50', '1', '3');
INSERT INTO books (book_id, author_id, title, year, language, price, sellable, copies) VALUES ('96', '11', 'Risky Business', '1958', 'Ko', '30', '0', '1');
INSERT INTO books (book_id, author_id, title, year, language, price, sellable, copies) VALUES ('97', '72', 'Of Mice and Men', '1861', 'Te', '38', '1', '2');
INSERT INTO books (book_id, author_id, title, year, language, price, sellable, copies) VALUES ('98', '89', 'I Love You, Man', '2002', 'La', '39', '0', '3');
INSERT INTO books (book_id, author_id, title, year, language, price, sellable, copies) VALUES ('99', '90', 'Phil Spector', '1916', 'Dh', '13', '0', '2');
INSERT INTO books (book_id, author_id, title, year, language, price, sellable, copies) VALUES ('100', '98', 'Gothika', '1827', 'Ky', '31', '1', '3');
INSERT INTO books (book_id, author_id, title, year, language, price, sellable, copies) VALUES ('101', '53', 'River Murders, The', '1975', 'No', '16', '0', '2');
INSERT INTO books (book_id, author_id, title, year, language, price, sellable, copies) VALUES ('102', '55', 'Children of the Corn V: Fields of Terror', '1809', 'Am', '42', '1', '1');
INSERT INTO books (book_id, author_id, title, year, language, price, sellable, copies) VALUES ('103', '95', 'Andromeda Strain, The', '1849', 'Dh', '49', '0', '2');
INSERT INTO books (book_id, author_id, title, year, language, price, sellable, copies) VALUES ('104', '66', 'Love Object', '1949', 'Dz', '36', '1', '2');
INSERT INTO books (book_id, author_id, title, year, language, price, sellable, copies) VALUES ('105', '26', 'The Trial of Lee Harvey Oswald', '1895', 'Po', '44', '0', '4');
INSERT INTO books (book_id, author_id, title, year, language, price, sellable, copies) VALUES ('106', '8', 'Final Destination', '1994', 'Fi', '49', '1', '2');
INSERT INTO books (book_id, author_id, title, year, language, price, sellable, copies) VALUES ('107', '63', 'Hellraiser: Revelations', '1915', 'It', '42', '0', '4');
INSERT INTO books (book_id, author_id, title, year, language, price, sellable, copies) VALUES ('108', '90', 'National Security', '1906', 'Ts', '26', '1', '2');
INSERT INTO books (book_id, author_id, title, year, language, price, sellable, copies) VALUES ('109', '39', 'Lascars', '1841', 'Ma', '34', '1', '3');
INSERT INTO books (book_id, author_id, title, year, language, price, sellable, copies) VALUES ('110', '83', 'Bullfighter, The (Matador)', '1858', 'Hu', '40', '1', '1');
INSERT INTO books (book_id, author_id, title, year, language, price, sellable, copies) VALUES ('111', '97', 'Manslaughter (Drabet)', '2014', 'Ts', '14', '0', '3');
INSERT INTO books (book_id, author_id, title, year, language, price, sellable, copies) VALUES ('112', '50', 'Three Stars', '1831', 'Hu', '30', '0', '4');
INSERT INTO books (book_id, author_id, title, year, language, price, sellable, copies) VALUES ('113', '62', 'Films to Keep You Awake: The Christmas Tale (Películas para no dormir: Cuento de navidad)', '1826', 'Ma', '45', '0', '2');
INSERT INTO books (book_id, author_id, title, year, language, price, sellable, copies) VALUES ('114', '6', 'Crimson Gold (Talaye sorgh)', '1803', 'Sw', '36', '0', '1');
INSERT INTO books (book_id, author_id, title, year, language, price, sellable, copies) VALUES ('115', '96', 'Love Sick Love', '1800', 'It', '49', '0', '4');
INSERT INTO books (book_id, author_id, title, year, language, price, sellable, copies) VALUES ('116', '2', 'Like Dandelion Dust', '1818', 'Ma', '40', '1', '3');
INSERT INTO books (book_id, author_id, title, year, language, price, sellable, copies) VALUES ('117', '22', 'Ride Along', '1977', 'Ma', '48', '1', '1');
INSERT INTO books (book_id, author_id, title, year, language, price, sellable, copies) VALUES ('118', '67', 'Crackers', '2009', 'Ha', '23', '1', '2');
INSERT INTO books (book_id, author_id, title, year, language, price, sellable, copies) VALUES ('119', '38', 'Broken Kingdom', '1986', 'Ma', '19', '0', '3');
INSERT INTO books (book_id, author_id, title, year, language, price, sellable, copies) VALUES ('120', '71', 'Go Now', '1969', 'Sp', '27', '0', '2');
INSERT INTO books (book_id, author_id, title, year, language, price, sellable, copies) VALUES ('121', '40', 'Black Widow', '1955', 'Ky', '32', '0', '1');
INSERT INTO books (book_id, author_id, title, year, language, price, sellable, copies) VALUES ('122', '100', 'Megiddo: The Omega Code 2', '1939', 'Qu', '28', '1', '1');
INSERT INTO books (book_id, author_id, title, year, language, price, sellable, copies) VALUES ('123', '40', 'Gorko!', '1886', 'Ky', '44', '1', '2');
INSERT INTO books (book_id, author_id, title, year, language, price, sellable, copies) VALUES ('124', '36', 'Raggedy Man', '1941', 'Nd', '44', '1', '1');
INSERT INTO books (book_id, author_id, title, year, language, price, sellable, copies) VALUES ('125', '21', 'Shadows (Senki)', '1992', 'Da', '15', '0', '4');
INSERT INTO books (book_id, author_id, title, year, language, price, sellable, copies) VALUES ('126', '30', 'Eureka (Yurîka)', '1916', 'Da', '20', '0', '3');
INSERT INTO books (book_id, author_id, title, year, language, price, sellable, copies) VALUES ('127', '87', 'Matilda', '2015', 'Pe', '29', '1', '2');
INSERT INTO books (book_id, author_id, title, year, language, price, sellable, copies) VALUES ('128', '13', 'Cantante, El', '1823', 'Ar', '43', '0', '1');
INSERT INTO books (book_id, author_id, title, year, language, price, sellable, copies) VALUES ('129', '43', 'Trinity and Beyond', '1842', 'Ka', '43', '1', '2');
INSERT INTO books (book_id, author_id, title, year, language, price, sellable, copies) VALUES ('130', '60', 'Cross My Heart', '2014', 'Pa', '50', '0', '2');
INSERT INTO books (book_id, author_id, title, year, language, price, sellable, copies) VALUES ('131', '79', 'May 18 (Hwaryeohan hyuga)', '1923', 'No', '35', '0', '1');
INSERT INTO books (book_id, author_id, title, year, language, price, sellable, copies) VALUES ('132', '96', 'Slumber Party Massacre II', '1860', 'La', '47', '0', '2');
INSERT INTO books (book_id, author_id, title, year, language, price, sellable, copies) VALUES ('133', '1', 'Opera', '1822', 'To', '20', '1', '4');
INSERT INTO books (book_id, author_id, title, year, language, price, sellable, copies) VALUES ('134', '44', 'Men Who Tread on the Tigers Tail, The (Tora no o wo fumu otokotachi)', '1884', 'Ay', '44', '0', '1');
INSERT INTO books (book_id, author_id, title, year, language, price, sellable, copies) VALUES ('135', '93', 'Tarantella', '1884', 'Mo', '29', '0', '1');
INSERT INTO books (book_id, author_id, title, year, language, price, sellable, copies) VALUES ('136', '4', 'Nueba Yol', '1873', 'Dh', '25', '0', '4');
INSERT INTO books (book_id, author_id, title, year, language, price, sellable, copies) VALUES ('137', '85', 'Short Time', '1882', 'So', '12', '0', '4');
INSERT INTO books (book_id, author_id, title, year, language, price, sellable, copies) VALUES ('138', '51', 'Closed Circuit', '1801', 'Ta', '39', '1', '1');
INSERT INTO books (book_id, author_id, title, year, language, price, sellable, copies) VALUES ('139', '34', 'Man on the Flying Trapeze', '1888', 'Bi', '41', '0', '4');
INSERT INTO books (book_id, author_id, title, year, language, price, sellable, copies) VALUES ('140', '62', 'Decline of Western Civilization, The', '1876', 'As', '34', '0', '4');
INSERT INTO books (book_id, author_id, title, year, language, price, sellable, copies) VALUES ('141', '87', 'Mars', '1921', 'Ro', '39', '1', '2');
INSERT INTO books (book_id, author_id, title, year, language, price, sellable, copies) VALUES ('142', '58', 'Every Other Weekend (Un week-end sur deux)', '1991', 'Mo', '13', '1', '1');
INSERT INTO books (book_id, author_id, title, year, language, price, sellable, copies) VALUES ('143', '48', 'Drive, He Said', '1961', 'Be', '47', '0', '2');
INSERT INTO books (book_id, author_id, title, year, language, price, sellable, copies) VALUES ('144', '86', 'What a Girl Wants', '1879', 'Ma', '27', '0', '2');
INSERT INTO books (book_id, author_id, title, year, language, price, sellable, copies) VALUES ('145', '17', 'Soccer Days', '1970', 'Zu', '45', '1', '3');
INSERT INTO books (book_id, author_id, title, year, language, price, sellable, copies) VALUES ('146', '41', 'Card Subject To Change', '1937', 'Cz', '23', '1', '1');
INSERT INTO books (book_id, author_id, title, year, language, price, sellable, copies) VALUES ('147', '87', 'Where Angels Go, Trouble Follows', '1845', 'Dh', '14', '1', '4');
INSERT INTO books (book_id, author_id, title, year, language, price, sellable, copies) VALUES ('148', '54', 'Grey Gardens', '1851', 'Ar', '29', '1', '3');
INSERT INTO books (book_id, author_id, title, year, language, price, sellable, copies) VALUES ('149', '26', 'Evocateur: The Morton Downey Jr. Movie', '1904', 'Ic', '50', '1', '2');
INSERT INTO books (book_id, author_id, title, year, language, price, sellable, copies) VALUES ('150', '84', 'Seed', '1819', 'Pa', '18', '1', '2');
INSERT INTO books (book_id, author_id, title, year, language, price, sellable, copies) VALUES ('151', '55', 'Kagemusha', '2006', 'Es', '28', '0', '1');
INSERT INTO books (book_id, author_id, title, year, language, price, sellable, copies) VALUES ('152', '55', 'Nickys Family', '1847', 'Gu', '49', '1', '2');
INSERT INTO books (book_id, author_id, title, year, language, price, sellable, copies) VALUES ('153', '27', 'Reckless', '1802', 'Te', '12', '0', '3');
INSERT INTO books (book_id, author_id, title, year, language, price, sellable, copies) VALUES ('154', '10', 'Enemy of the People, An', '1820', 'Gr', '44', '0', '3');
INSERT INTO books (book_id, author_id, title, year, language, price, sellable, copies) VALUES ('155', '81', 'Six Ways to Sunday', '1831', 'Cz', '32', '1', '4');
INSERT INTO books (book_id, author_id, title, year, language, price, sellable, copies) VALUES ('156', '86', 'Funny People', '1866', 'Am', '16', '1', '3');
INSERT INTO books (book_id, author_id, title, year, language, price, sellable, copies) VALUES ('157', '60', 'Alvin and the Chipmunks: Chipwrecked', '1903', 'Sp', '44', '0', '3');
INSERT INTO books (book_id, author_id, title, year, language, price, sellable, copies) VALUES ('158', '40', 'Look Both Ways', '2017', 'Mo', '49', '1', '4');
INSERT INTO books (book_id, author_id, title, year, language, price, sellable, copies) VALUES ('159', '74', 'Willy Wonka & the Chocolate Factory', '1867', 'Ga', '17', '1', '2');
INSERT INTO books (book_id, author_id, title, year, language, price, sellable, copies) VALUES ('160', '15', 'Rink, The', '1885', 'Po', '20', '0', '2');
INSERT INTO books (book_id, author_id, title, year, language, price, sellable, copies) VALUES ('161', '9', 'Black Tights (1-2-3-4 ou Les Collants noirs)', '1826', 'Da', '16', '0', '1');
INSERT INTO books (book_id, author_id, title, year, language, price, sellable, copies) VALUES ('162', '14', 'Dark Shadows', '1941', 'Th', '24', '0', '4');
INSERT INTO books (book_id, author_id, title, year, language, price, sellable, copies) VALUES ('163', '74', 'Husk', '1874', 'Ga', '37', '0', '1');
INSERT INTO books (book_id, author_id, title, year, language, price, sellable, copies) VALUES ('164', '8', 'Seven Brides for Seven Brothers', '1869', 'Ma', '12', '1', '2');
INSERT INTO books (book_id, author_id, title, year, language, price, sellable, copies) VALUES ('165', '61', 'Chu Chin Chow', '1930', 'Pa', '30', '0', '2');
INSERT INTO books (book_id, author_id, title, year, language, price, sellable, copies) VALUES ('166', '33', 'Gunga Din', '1837', 'Ma', '35', '1', '4');
INSERT INTO books (book_id, author_id, title, year, language, price, sellable, copies) VALUES ('167', '49', 'Friends of Eddie Coyle, The', '1840', 'Hu', '24', '0', '2');
INSERT INTO books (book_id, author_id, title, year, language, price, sellable, copies) VALUES ('168', '56', 'Aqua Teen Hunger Force Colon Movie Film for Theaters', '1892', 'In', '47', '1', '1');
INSERT INTO books (book_id, author_id, title, year, language, price, sellable, copies) VALUES ('169', '2', 'I, Cesar (Moi César, 10 ans 1/2, 1m39)', '1881', 'Te', '36', '0', '1');
INSERT INTO books (book_id, author_id, title, year, language, price, sellable, copies) VALUES ('170', '89', 'Enon opetukset', '1995', 'Mo', '22', '1', '1');
INSERT INTO books (book_id, author_id, title, year, language, price, sellable, copies) VALUES ('171', '30', 'Magic Christmas Tree, The', '1874', 'Am', '19', '1', '3');
INSERT INTO books (book_id, author_id, title, year, language, price, sellable, copies) VALUES ('172', '100', 'Category 7: The End of the World', '1940', 'La', '47', '1', '1');
INSERT INTO books (book_id, author_id, title, year, language, price, sellable, copies) VALUES ('173', '100', 'Roman Polanski: Wanted and Desired', '1826', 'En', '21', '1', '3');
INSERT INTO books (book_id, author_id, title, year, language, price, sellable, copies) VALUES ('174', '88', 'Night of Dark Shadows', '1965', 'Bo', '16', '0', '4');
INSERT INTO books (book_id, author_id, title, year, language, price, sellable, copies) VALUES ('175', '49', 'Tumbleweeds', '1886', 'Ma', '38', '1', '2');
INSERT INTO books (book_id, author_id, title, year, language, price, sellable, copies) VALUES ('176', '91', 'Invisible Circus, The', '1949', 'As', '46', '1', '4');
INSERT INTO books (book_id, author_id, title, year, language, price, sellable, copies) VALUES ('177', '9', 'Mouse on the Moon, The', '1835', 'Ne', '19', '0', '2');
INSERT INTO books (book_id, author_id, title, year, language, price, sellable, copies) VALUES ('178', '29', 'Stalag Luft', '1840', 'Fi', '36', '1', '4');
INSERT INTO books (book_id, author_id, title, year, language, price, sellable, copies) VALUES ('179', '34', 'Hatfields & McCoys', '1960', 'Ca', '45', '0', '1');
INSERT INTO books (book_id, author_id, title, year, language, price, sellable, copies) VALUES ('180', '25', 'Back to the USSR - takaisin Ryssiin', '1942', 'Pu', '40', '1', '3');
INSERT INTO books (book_id, author_id, title, year, language, price, sellable, copies) VALUES ('181', '19', 'Farewell, The (Abschied - Brechts letzter Sommer)', '1809', 'Ka', '20', '0', '3');
INSERT INTO books (book_id, author_id, title, year, language, price, sellable, copies) VALUES ('182', '25', 'Fabled', '1836', 'Mo', '26', '0', '3');
INSERT INTO books (book_id, author_id, title, year, language, price, sellable, copies) VALUES ('183', '35', 'One Nite In Mongkok (Wong gok hak yau)', '1873', 'Qu', '25', '0', '2');
INSERT INTO books (book_id, author_id, title, year, language, price, sellable, copies) VALUES ('184', '94', 'Return with Honor', '1944', 'Ky', '46', '1', '1');
INSERT INTO books (book_id, author_id, title, year, language, price, sellable, copies) VALUES ('185', '88', 'Comic Book Confidential', '1977', 'Fi', '16', '0', '1');
INSERT INTO books (book_id, author_id, title, year, language, price, sellable, copies) VALUES ('186', '96', 'Wrestling Ernest Hemingway', '1917', 'Ja', '34', '0', '2');
INSERT INTO books (book_id, author_id, title, year, language, price, sellable, copies) VALUES ('187', '65', 'Aristocrats, The', '1809', 'Ca', '41', '1', '4');
INSERT INTO books (book_id, author_id, title, year, language, price, sellable, copies) VALUES ('188', '34', 'Keys to the House, The (Chiavi di casa, Le)', '1874', 'Mo', '46', '0', '2');
INSERT INTO books (book_id, author_id, title, year, language, price, sellable, copies) VALUES ('189', '87', 'Bad Blood (Mauvais sang)', '1910', 'Ne', '23', '1', '4');
INSERT INTO books (book_id, author_id, title, year, language, price, sellable, copies) VALUES ('190', '35', 'The Boys', '1895', 'So', '37', '1', '3');
INSERT INTO books (book_id, author_id, title, year, language, price, sellable, copies) VALUES ('191', '9', 'Even Angels Eat Beans', '1950', 'Fi', '33', '0', '4');
INSERT INTO books (book_id, author_id, title, year, language, price, sellable, copies) VALUES ('192', '17', 'Borrower, The', '1854', 'Gu', '32', '1', '4');
INSERT INTO books (book_id, author_id, title, year, language, price, sellable, copies) VALUES ('193', '56', 'Xala', '1879', 'Fi', '36', '0', '4');
INSERT INTO books (book_id, author_id, title, year, language, price, sellable, copies) VALUES ('194', '48', 'Games', '1827', 'Ma', '21', '0', '3');
INSERT INTO books (book_id, author_id, title, year, language, price, sellable, copies) VALUES ('195', '28', 'The Affairs of Martha', '1938', 'In', '28', '1', '1');
INSERT INTO books (book_id, author_id, title, year, language, price, sellable, copies) VALUES ('196', '46', 'Rosencrantz and Guildenstern Are Undead', '1988', 'Ic', '19', '1', '2');
INSERT INTO books (book_id, author_id, title, year, language, price, sellable, copies) VALUES ('197', '16', 'Turtles Can Fly (Lakposhtha hâm parvaz miko100d)', '1989', 'Sw', '18', '0', '4');
INSERT INTO books (book_id, author_id, title, year, language, price, sellable, copies) VALUES ('198', '49', 'We Dont Live Here Anymore', '1912', 'Lu', '28', '0', '3');
INSERT INTO books (book_id, author_id, title, year, language, price, sellable, copies) VALUES ('199', '25', 'South Park: Bigger, Longer and Uncut', '1824', 'Po', '12', '0', '4');
INSERT INTO books (book_id, author_id, title, year, language, price, sellable, copies) VALUES ('200', '45', 'Topo, El', '1900', 'Ko', '41', '0', '2');
INSERT INTO books (book_id, author_id, title, year, language, price, sellable, copies) VALUES ('201', '97', 'Summer of 62 (Cartouches gauloises)', '1833', 'Fi', '30', '0', '2');
INSERT INTO books (book_id, author_id, title, year, language, price, sellable, copies) VALUES ('202', '85', 'Dana Carvey: Squatting Monkeys Tell No Lies', '1817', 'He', '42', '0', '1');
INSERT INTO books (book_id, author_id, title, year, language, price, sellable, copies) VALUES ('203', '21', 'Brave, The', '1948', 'Ar', '14', '0', '4');
INSERT INTO books (book_id, author_id, title, year, language, price, sellable, copies) VALUES ('204', '38', 'Killing Fields, The', '1942', 'Ma', '37', '0', '4');
INSERT INTO books (book_id, author_id, title, year, language, price, sellable, copies) VALUES ('205', '46', 'Beast with Five Fingers, The', '1824', 'Qu', '25', '0', '3');
INSERT INTO books (book_id, author_id, title, year, language, price, sellable, copies) VALUES ('206', '15', 'Harmonists, The', '1903', 'Ar', '46', '1', '4');
INSERT INTO books (book_id, author_id, title, year, language, price, sellable, copies) VALUES ('207', '91', 'Oblivion Island: Haruka and the Magic Mirror (Hottarake no shima - Haruka to maho no kagami)', '1967', 'Te', '45', '0', '4');
INSERT INTO books (book_id, author_id, title, year, language, price, sellable, copies) VALUES ('208', '19', 'Dark Dungeons', '1820', 'Cz', '46', '1', '2');
INSERT INTO books (book_id, author_id, title, year, language, price, sellable, copies) VALUES ('209', '9', 'Quick and the Dead, The', '2003', 'Qu', '12', '0', '2');
INSERT INTO books (book_id, author_id, title, year, language, price, sellable, copies) VALUES ('210', '100', 'Cat Soup (Nekojiru-so)', '1817', 'Ma', '13', '1', '2');
INSERT INTO books (book_id, author_id, title, year, language, price, sellable, copies) VALUES ('211', '71', 'Lovers of Hate', '1853', 'So', '23', '1', '1');
INSERT INTO books (book_id, author_id, title, year, language, price, sellable, copies) VALUES ('212', '59', 'For Heavens Sake', '1951', 'Af', '22', '1', '3');
INSERT INTO books (book_id, author_id, title, year, language, price, sellable, copies) VALUES ('213', '70', 'Taboo (Gohatto)', '1940', 'Ma', '36', '1', '1');
INSERT INTO books (book_id, author_id, title, year, language, price, sellable, copies) VALUES ('214', '39', 'Jerusalem', '1866', 'Hi', '28', '1', '4');
INSERT INTO books (book_id, author_id, title, year, language, price, sellable, copies) VALUES ('215', '3', 'Bubble, The (Ha-Buah)', '1998', 'Ma', '50', '1', '2');
INSERT INTO books (book_id, author_id, title, year, language, price, sellable, copies) VALUES ('216', '76', 'Its in the Water', '2013', 'Ar', '49', '0', '1');
INSERT INTO books (book_id, author_id, title, year, language, price, sellable, copies) VALUES ('217', '51', 'Rage', '1893', 'Ma', '24', '0', '3');
INSERT INTO books (book_id, author_id, title, year, language, price, sellable, copies) VALUES ('218', '65', 'Prowler, The (a.k.a. Rosemarys Killer) (a.k.a. The Graduation)', '1971', 'Th', '38', '1', '2');
INSERT INTO books (book_id, author_id, title, year, language, price, sellable, copies) VALUES ('219', '16', 'Made in America', '1825', 'Fi', '31', '1', '4');
INSERT INTO books (book_id, author_id, title, year, language, price, sellable, copies) VALUES ('220', '33', 'Feast of Love', '1865', 'Hi', '40', '0', '4');
INSERT INTO books (book_id, author_id, title, year, language, price, sellable, copies) VALUES ('221', '95', 'Jar City (Mýrin)', '1995', 'Ch', '14', '1', '3');
INSERT INTO books (book_id, author_id, title, year, language, price, sellable, copies) VALUES ('222', '37', 'Poor Us: An Animated History of Poverty', '2007', 'Ma', '39', '0', '3');
INSERT INTO books (book_id, author_id, title, year, language, price, sellable, copies) VALUES ('223', '46', 'Tortured', '1866', 'He', '32', '1', '3');
INSERT INTO books (book_id, author_id, title, year, language, price, sellable, copies) VALUES ('224', '66', 'Whipped', '1863', 'Ma', '17', '1', '4');
INSERT INTO books (book_id, author_id, title, year, language, price, sellable, copies) VALUES ('225', '87', 'Digging to China', '1986', 'Ka', '27', '1', '3');
INSERT INTO books (book_id, author_id, title, year, language, price, sellable, copies) VALUES ('226', '46', 'Biggles', '1890', 'Cr', '43', '0', '1');
INSERT INTO books (book_id, author_id, title, year, language, price, sellable, copies) VALUES ('227', '38', 'Mysterious Origins of Man', '1877', 'Te', '28', '0', '4');
INSERT INTO books (book_id, author_id, title, year, language, price, sellable, copies) VALUES ('228', '94', 'Thousand Clouds of Peace, A (Mil nubes de paz cercan el cielo, amor, jamás acabarás de ser amor)', '1804', 'Al', '23', '0', '3');
INSERT INTO books (book_id, author_id, title, year, language, price, sellable, copies) VALUES ('229', '87', 'Haute Cuisine', '1817', 'Fi', '25', '1', '3');
INSERT INTO books (book_id, author_id, title, year, language, price, sellable, copies) VALUES ('230', '80', 'Snake Eyes', '1805', 'Am', '37', '0', '3');
INSERT INTO books (book_id, author_id, title, year, language, price, sellable, copies) VALUES ('231', '20', 'Sound of Redemption: The Frank Morgan Story', '1979', 'La', '46', '1', '3');
INSERT INTO books (book_id, author_id, title, year, language, price, sellable, copies) VALUES ('232', '60', 'Prison Break: The Final Break', '1810', 'Ta', '39', '0', '2');
INSERT INTO books (book_id, author_id, title, year, language, price, sellable, copies) VALUES ('233', '18', 'Kiss Me Goodbye', '1884', 'Qu', '39', '0', '2');
INSERT INTO books (book_id, author_id, title, year, language, price, sellable, copies) VALUES ('234', '91', 'Hellzapoppin', '1883', 'Bi', '15', '1', '3');
INSERT INTO books (book_id, author_id, title, year, language, price, sellable, copies) VALUES ('235', '10', 'Road Warrior, The (Mad Max 2)', '1804', 'Ay', '16', '1', '2');
INSERT INTO books (book_id, author_id, title, year, language, price, sellable, copies) VALUES ('236', '58', 'Hansel & Gretel', '1978', 'La', '28', '0', '3');
INSERT INTO books (book_id, author_id, title, year, language, price, sellable, copies) VALUES ('237', '88', 'Verdict, The', '1984', 'La', '25', '1', '1');
INSERT INTO books (book_id, author_id, title, year, language, price, sellable, copies) VALUES ('238', '71', 'Rules of Engagement', '1947', 'Hi', '14', '1', '4');
INSERT INTO books (book_id, author_id, title, year, language, price, sellable, copies) VALUES ('239', '95', 'Satanas', '1934', 'La', '15', '1', '4');
INSERT INTO books (book_id, author_id, title, year, language, price, sellable, copies) VALUES ('240', '88', 'Amor brujo, El (Love Bewitched, A)', '2018', 'So', '17', '1', '4');
INSERT INTO books (book_id, author_id, title, year, language, price, sellable, copies) VALUES ('241', '4', 'Georgia', '1897', 'Ay', '46', '0', '4');
INSERT INTO books (book_id, author_id, title, year, language, price, sellable, copies) VALUES ('242', '32', 'Concert for George, The', '2016', 'Ka', '19', '1', '2');
INSERT INTO books (book_id, author_id, title, year, language, price, sellable, copies) VALUES ('243', '36', 'Blind Shaft (Mang jing)', '1928', 'Ko', '47', '1', '4');
INSERT INTO books (book_id, author_id, title, year, language, price, sellable, copies) VALUES ('244', '24', 'Babys Day Out', '1855', 'Sp', '17', '1', '1');
INSERT INTO books (book_id, author_id, title, year, language, price, sellable, copies) VALUES ('245', '5', 'Conspirators of Pleasure (Spiklenci slasti)', '1928', 'Ma', '47', '1', '1');
INSERT INTO books (book_id, author_id, title, year, language, price, sellable, copies) VALUES ('246', '100', 'They Died with Their Boots On', '1825', 'Bi', '22', '1', '1');
INSERT INTO books (book_id, author_id, title, year, language, price, sellable, copies) VALUES ('247', '68', 'Im Here', '1931', 'Pu', '13', '1', '3');
INSERT INTO books (book_id, author_id, title, year, language, price, sellable, copies) VALUES ('248', '16', 'Michael Collins', '1897', 'So', '38', '1', '4');
INSERT INTO books (book_id, author_id, title, year, language, price, sellable, copies) VALUES ('249', '17', 'Stay Cool', '1993', 'So', '37', '1', '4');
INSERT INTO books (book_id, author_id, title, year, language, price, sellable, copies) VALUES ('250', '17', 'Whiplash', '1824', 'In', '17', '0', '2');
INSERT INTO books (book_id, author_id, title, year, language, price, sellable, copies) VALUES ('251', '13', 'Young Winston', '1869', 'Da', '43', '0', '3');
INSERT INTO books (book_id, author_id, title, year, language, price, sellable, copies) VALUES ('252', '56', 'Sittin on a Backyard Fence', '1910', 'Hi', '20', '1', '3');
INSERT INTO books (book_id, author_id, title, year, language, price, sellable, copies) VALUES ('253', '99', 'Gator', '1993', 'Ar', '49', '0', '4');
INSERT INTO books (book_id, author_id, title, year, language, price, sellable, copies) VALUES ('254', '62', 'Breach', '1973', 'Gu', '43', '1', '2');
INSERT INTO books (book_id, author_id, title, year, language, price, sellable, copies) VALUES ('255', '37', 'Baron of Arizona, The', '1810', 'Am', '35', '1', '2');
INSERT INTO books (book_id, author_id, title, year, language, price, sellable, copies) VALUES ('256', '58', 'Karan Arjun', '1958', 'Ky', '31', '0', '3');
INSERT INTO books (book_id, author_id, title, year, language, price, sellable, copies) VALUES ('257', '88', 'Deadline at Dawn', '1969', 'Hi', '35', '0', '4');
INSERT INTO books (book_id, author_id, title, year, language, price, sellable, copies) VALUES ('258', '20', 'Enough', '1814', 'Ha', '39', '0', '1');
INSERT INTO books (book_id, author_id, title, year, language, price, sellable, copies) VALUES ('259', '63', 'Ringu (Ring)', '1924', 'Zu', '35', '0', '1');
INSERT INTO books (book_id, author_id, title, year, language, price, sellable, copies) VALUES ('260', '15', 'Daleks Invasion Earth: 2150 A.D.', '1841', 'Sp', '20', '1', '3');
INSERT INTO books (book_id, author_id, title, year, language, price, sellable, copies) VALUES ('261', '28', 'Breaking News (Daai si gin)', '1836', 'Du', '32', '1', '4');
INSERT INTO books (book_id, author_id, title, year, language, price, sellable, copies) VALUES ('262', '48', 'Life of Emile Zola, The', '1828', 'Li', '26', '1', '4');
INSERT INTO books (book_id, author_id, title, year, language, price, sellable, copies) VALUES ('263', '9', 'Before the Rains', '1996', 'Pe', '49', '0', '3');
INSERT INTO books (book_id, author_id, title, year, language, price, sellable, copies) VALUES ('264', '16', 'Akira Kurosawas Dreams (Dreams)', '1827', 'Ma', '32', '1', '3');
INSERT INTO books (book_id, author_id, title, year, language, price, sellable, copies) VALUES ('265', '70', 'Keep the River on Your Right: A Modern Cannibal Tale', '1890', 'Cz', '23', '1', '4');
INSERT INTO books (book_id, author_id, title, year, language, price, sellable, copies) VALUES ('266', '24', 'Beware the Moon: Remembering An American Werewolf in London', '1864', 'Nd', '16', '0', '4');
INSERT INTO books (book_id, author_id, title, year, language, price, sellable, copies) VALUES ('267', '57', 'Torpedo Bombers (Torpedonostsy)', '1940', 'Bo', '27', '1', '3');
INSERT INTO books (book_id, author_id, title, year, language, price, sellable, copies) VALUES ('268', '37', '2012: Supernova', '1886', 'Ka', '27', '0', '2');
INSERT INTO books (book_id, author_id, title, year, language, price, sellable, copies) VALUES ('269', '4', 'Eden Lake', '1820', 'Be', '21', '1', '2');
INSERT INTO books (book_id, author_id, title, year, language, price, sellable, copies) VALUES ('270', '54', 'Motorama', '1941', 'Li', '18', '1', '1');
INSERT INTO books (book_id, author_id, title, year, language, price, sellable, copies) VALUES ('271', '45', 'Twogether', '1867', 'Ma', '15', '0', '1');
INSERT INTO books (book_id, author_id, title, year, language, price, sellable, copies) VALUES ('272', '41', 'Angels and Insects', '1921', 'Qu', '43', '1', '2');
INSERT INTO books (book_id, author_id, title, year, language, price, sellable, copies) VALUES ('273', '39', 'South, The (Lomalla)', '1844', 'Az', '20', '0', '4');
INSERT INTO books (book_id, author_id, title, year, language, price, sellable, copies) VALUES ('274', '88', 'The French Kissers', '1909', 'Ma', '45', '1', '4');
INSERT INTO books (book_id, author_id, title, year, language, price, sellable, copies) VALUES ('275', '96', 'Boy Called Hate, A', '1926', 'Ma', '35', '1', '1');
INSERT INTO books (book_id, author_id, title, year, language, price, sellable, copies) VALUES ('276', '38', 'Blue Vinyl', '1918', 'Al', '36', '1', '2');
INSERT INTO books (book_id, author_id, title, year, language, price, sellable, copies) VALUES ('277', '4', 'The Last Five Years', '1966', 'Sw', '22', '0', '4');
INSERT INTO books (book_id, author_id, title, year, language, price, sellable, copies) VALUES ('278', '44', 'IMAX: Coral Reef Adventure', '1941', 'Yi', '20', '0', '1');
INSERT INTO books (book_id, author_id, title, year, language, price, sellable, copies) VALUES ('279', '54', 'Stir Crazy', '1958', 'Sw', '45', '0', '3');
INSERT INTO books (book_id, author_id, title, year, language, price, sellable, copies) VALUES ('280', '99', 'Help! I am A Fish', '1885', 'Ga', '50', '1', '2');
INSERT INTO books (book_id, author_id, title, year, language, price, sellable, copies) VALUES ('281', '57', 'Attila', '1921', 'Ge', '12', '1', '3');
INSERT INTO books (book_id, author_id, title, year, language, price, sellable, copies) VALUES ('282', '78', 'Spetters', '1807', 'Ka', '18', '1', '2');
INSERT INTO books (book_id, author_id, title, year, language, price, sellable, copies) VALUES ('283', '51', 'Leave It to Beaver', '1866', 'Te', '43', '0', '4');
INSERT INTO books (book_id, author_id, title, year, language, price, sellable, copies) VALUES ('284', '68', 'Mirage', '1803', 'Ch', '25', '0', '3');
INSERT INTO books (book_id, author_id, title, year, language, price, sellable, copies) VALUES ('285', '55', 'Team America: World Police', '1938', 'Ne', '37', '0', '4');
INSERT INTO books (book_id, author_id, title, year, language, price, sellable, copies) VALUES ('286', '15', 'Cabeza de Vaca', '1852', 'Fi', '25', '1', '2');
INSERT INTO books (book_id, author_id, title, year, language, price, sellable, copies) VALUES ('287', '78', 'Cat People', '1811', 'Ay', '38', '0', '4');
INSERT INTO books (book_id, author_id, title, year, language, price, sellable, copies) VALUES ('288', '19', 'Big Time Operators (Smallest Show on Earth, The)', '1909', 'Sw', '28', '1', '2');
INSERT INTO books (book_id, author_id, title, year, language, price, sellable, copies) VALUES ('289', '55', 'Next Day Air', '1965', 'Ta', '17', '0', '4');
INSERT INTO books (book_id, author_id, title, year, language, price, sellable, copies) VALUES ('290', '56', 'Little Murders', '1909', 'Ts', '33', '0', '4');
INSERT INTO books (book_id, author_id, title, year, language, price, sellable, copies) VALUES ('291', '49', 'Me and the Colonel ', '1808', 'No', '41', '1', '1');
INSERT INTO books (book_id, author_id, title, year, language, price, sellable, copies) VALUES ('292', '72', 'Nine to Five (a.k.a. 9 to 5)', '1886', 'Ma', '33', '1', '3');
INSERT INTO books (book_id, author_id, title, year, language, price, sellable, copies) VALUES ('293', '15', 'The Sky Dragon', '1933', 'Dz', '25', '1', '3');
INSERT INTO books (book_id, author_id, title, year, language, price, sellable, copies) VALUES ('294', '19', 'Munyurangabo', '1966', 'Be', '38', '0', '4');
INSERT INTO books (book_id, author_id, title, year, language, price, sellable, copies) VALUES ('295', '88', 'Analyze That', '1860', 'Be', '12', '0', '3');
INSERT INTO books (book_id, author_id, title, year, language, price, sellable, copies) VALUES ('296', '83', 'Not One Less (Yi ge dou bu neng shao)', '1950', 'En', '25', '1', '1');
INSERT INTO books (book_id, author_id, title, year, language, price, sellable, copies) VALUES ('297', '37', 'Heroes of Telemark, The ', '1940', 'Lu', '47', '0', '3');
INSERT INTO books (book_id, author_id, title, year, language, price, sellable, copies) VALUES ('298', '40', 'At the River I Stand', '1938', 'It', '15', '1', '2');
INSERT INTO books (book_id, author_id, title, year, language, price, sellable, copies) VALUES ('299', '40', 'Great Train Robbery, The (a.k.a. First Great Train Robbery, The)', '2017', 'Ir', '30', '1', '3');
INSERT INTO books (book_id, author_id, title, year, language, price, sellable, copies) VALUES ('300', '68', 'Double Dragon', '1926', 'Ts', '38', '1', '1');



INSERT INTO clients (client_id, name, email, birthdate, gender, active) VALUES ('1', 'Alma Strute', 'astrute0@spiegel.de', '1971-09-20', 'F', '0');
INSERT INTO clients (client_id, name, email, birthdate, gender, active) VALUES ('2', 'Pamela Tice', 'ptice1@springer.com', '1987-04-07', 'F', '0');
INSERT INTO clients (client_id, name, email, birthdate, gender, active) VALUES ('3', 'Annabelle Collinwood', 'acollinwood2@netvibes.com', '1983-07-23', 'F', '0');
INSERT INTO clients (client_id, name, email, birthdate, gender, active) VALUES ('6', 'Hayley Stanyer', 'hstanyer5@facebook.com', '1979-01-30', 'F', '1');
INSERT INTO clients (client_id, name, email, birthdate, gender, active) VALUES ('8', 'Aubrey Primak', 'aprimak7@sun.com', '1974-12-29', 'F', '1');
INSERT INTO clients (client_id, name, email, birthdate, gender, active) VALUES ('9', 'Emmalynne Knottley', 'eknottley8@themeforest.net', '1989-05-25', 'F', '0');
INSERT INTO clients (client_id, name, email, birthdate, gender, active) VALUES ('15', 'Elena Dunmore', 'edunmoree@tmall.com', '1997-11-11', 'F', '0');
INSERT INTO clients (client_id, name, email, birthdate, gender, active) VALUES ('17', 'Jelene Rowatt', 'jrowattg@typepad.com', '1977-05-25', 'F', '1');
INSERT INTO clients (client_id, name, email, birthdate, gender, active) VALUES ('19', 'Nora Balog', 'nbalogi@ifeng.com', '1982-08-17', 'F', '1');
INSERT INTO clients (client_id, name, email, birthdate, gender, active) VALUES ('21', 'Drona Manvell', 'dmanvellk@columbia.edu', '2001-04-24', 'F', '0');
INSERT INTO clients (client_id, name, email, birthdate, gender, active) VALUES ('22', 'Tracee Mobius', 'tmobiusl@apache.org', '1990-10-26', 'F', '1');
INSERT INTO clients (client_id, name, email, birthdate, gender, active) VALUES ('24', 'Jenelle Nafziger', 'jnafzigern@blog.com', '1983-07-05', 'F', '1');
INSERT INTO clients (client_id, name, email, birthdate, gender, active) VALUES ('25', 'Mariel McCaskill', 'mmccaskillo@comcast.net', '1971-09-08', 'F', '0');
INSERT INTO clients (client_id, name, email, birthdate, gender, active) VALUES ('27', 'Celinka Jindrich', 'cjindrichq@who.int', '1996-04-13', 'F', '0');
INSERT INTO clients (client_id, name, email, birthdate, gender, active) VALUES ('28', 'Torey Marlow', 'tmarlowr@apache.org', '1971-04-18', 'F', '1');
INSERT INTO clients (client_id, name, email, birthdate, gender, active) VALUES ('29', 'Trescha Austins', 'taustinss@vkontakte.ru', '1995-06-25', 'F', '0');
INSERT INTO clients (client_id, name, email, birthdate, gender, active) VALUES ('30', 'Kirbee Cauldwell', 'kcauldwellt@cbsnews.com', '1990-08-27', 'F', '0');
INSERT INTO clients (client_id, name, email, birthdate, gender, active) VALUES ('36', 'Corella Scupham', 'cscuphamz@psu.edu', '1991-07-20', 'F', '0');
INSERT INTO clients (client_id, name, email, birthdate, gender, active) VALUES ('37', 'Daloris Toyer', 'dtoyer10@umn.edu', '1971-03-25', 'F', '0');
INSERT INTO clients (client_id, name, email, birthdate, gender, active) VALUES ('41', 'Monah Fadden', 'mfadden14@istockphoto.com', '1979-03-06', 'F', '0');
INSERT INTO clients (client_id, name, email, birthdate, gender, active) VALUES ('45', 'Tilly Humbell', 'thumbell18@eventbrite.com', '1978-01-19', 'F', '1');
INSERT INTO clients (client_id, name, email, birthdate, gender, active) VALUES ('49', 'Nada Girardoni', 'ngirardoni1c@deviantart.com', '1985-03-02', 'F', '1');
INSERT INTO clients (client_id, name, email, birthdate, gender, active) VALUES ('53', 'Marisa Skill', 'mskill1g@topsy.com', '1980-12-05', 'F', '1');
INSERT INTO clients (client_id, name, email, birthdate, gender, active) VALUES ('55', 'Haley Caccavella', 'hcaccavella1i@scribd.com', '1988-09-26', 'F', '0');
INSERT INTO clients (client_id, name, email, birthdate, gender, active) VALUES ('59', 'Ettie Bark', 'ebark1m@google.pl', '1996-11-15', 'F', '1');
INSERT INTO clients (client_id, name, email, birthdate, gender, active) VALUES ('61', 'Marylin Wotherspoon', 'mwotherspoon1o@phoca.cz', '1971-08-26', 'F', '1');
INSERT INTO clients (client_id, name, email, birthdate, gender, active) VALUES ('64', 'Fanchette Wimes', 'fwimes1r@about.com', '1978-06-26', 'F', '0');
INSERT INTO clients (client_id, name, email, birthdate, gender, active) VALUES ('69', 'Dorothy Coots', 'dcoots1w@vkontakte.ru', '2000-08-01', 'F', '1');
INSERT INTO clients (client_id, name, email, birthdate, gender, active) VALUES ('70', 'Marguerite Sines', 'msines1x@google.fr', '1977-12-30', 'F', '0');
INSERT INTO clients (client_id, name, email, birthdate, gender, active) VALUES ('71', 'Tony Strelitz', 'tstrelitz1y@wufoo.com', '1980-11-19', 'F', '1');
INSERT INTO clients (client_id, name, email, birthdate, gender, active) VALUES ('73', 'Wendi Chaucer', 'wchaucer20@vinaora.com', '1991-11-09', 'F', '0');
INSERT INTO clients (client_id, name, email, birthdate, gender, active) VALUES ('75', 'Agretha Blindmann', 'ablindmann22@yellowpages.com', '1981-03-25', 'F', '0');
INSERT INTO clients (client_id, name, email, birthdate, gender, active) VALUES ('80', 'Lisetta Twelvetree', 'ltwelvetree27@github.com', '1970-05-10', 'F', '0');
INSERT INTO clients (client_id, name, email, birthdate, gender, active) VALUES ('82', 'Willetta Creak', 'wcreak29@marriott.com', '2000-10-04', 'F', '0');
INSERT INTO clients (client_id, name, email, birthdate, gender, active) VALUES ('84', 'Christine Softley', 'csoftley2b@ow.ly', '1987-07-21', 'F', '1');
INSERT INTO clients (client_id, name, email, birthdate, gender, active) VALUES ('85', 'Gusella Decroix', 'gdecroix2c@howstuffworks.com', '1995-09-24', 'F', '0');
INSERT INTO clients (client_id, name, email, birthdate, gender, active) VALUES ('89', 'Chastity Beagrie', 'cbeagrie2g@tripadvisor.com', '1980-01-18', 'F', '0');
INSERT INTO clients (client_id, name, email, birthdate, gender, active) VALUES ('90', 'Kitti Canete', 'kcanete2h@dailymotion.com', '1980-09-24', 'F', '1');
INSERT INTO clients (client_id, name, email, birthdate, gender, active) VALUES ('91', 'Lisa Saller', 'lsaller2i@webnode.com', '1982-03-10', 'F', '0');
INSERT INTO clients (client_id, name, email, birthdate, gender, active) VALUES ('92', 'Cherilyn Bande', 'cbande2j@dropbox.com', '1989-09-23', 'F', '1');
INSERT INTO clients (client_id, name, email, birthdate, gender, active) VALUES ('93', 'De Bircher', 'dbircher2k@ucsd.edu', '1992-09-10', 'F', '1');
INSERT INTO clients (client_id, name, email, birthdate, gender, active) VALUES ('94', 'Luz St. Hill', 'lst2l@ucoz.ru', '2001-01-16', 'F', '0');
INSERT INTO clients (client_id, name, email, birthdate, gender, active) VALUES ('97', 'Loraine Espinola', 'lespinola2o@blogger.com', '1993-03-01', 'F', '0');
INSERT INTO clients (client_id, name, email, birthdate, gender, active) VALUES ('103', 'Margit Earwicker', 'mearwicker2u@indiegogo.com', '1971-06-04', 'F', '0');
INSERT INTO clients (client_id, name, email, birthdate, gender, active) VALUES ('104', 'Damara McCullough', 'dmccullough2v@washington.edu', '1987-02-25', 'F', '0');
INSERT INTO clients (client_id, name, email, birthdate, gender, active) VALUES ('105', 'Demetris Lonsdale', 'dlonsdale2w@acquirethisname.com', '1982-12-24', 'F', '1');
INSERT INTO clients (client_id, name, email, birthdate, gender, active) VALUES ('106', 'Tabatha Kittle', 'tkittle2x@walmart.com', '1970-02-23', 'F', '0');
INSERT INTO clients (client_id, name, email, birthdate, gender, active) VALUES ('107', 'Jerrilyn Miskin', 'jmiskin2y@sohu.com', '1978-11-16', 'F', '1');
INSERT INTO clients (client_id, name, email, birthdate, gender, active) VALUES ('108', 'Alice Macia', 'amacia2z@hc360.com', '1978-03-16', 'F', '0');
INSERT INTO clients (client_id, name, email, birthdate, gender, active) VALUES ('109', 'Blondell Lampkin', 'blampkin30@psu.edu', '1981-12-19', 'F', '0');
INSERT INTO clients (client_id, name, email, birthdate, gender, active) VALUES ('110', 'Heloise Medwell', 'hmedwell31@ning.com', '1990-03-22', 'F', '0');
INSERT INTO clients (client_id, name, email, birthdate, gender, active) VALUES ('113', 'Carlotta Sara', 'csara34@sphinn.com', '2000-06-22', 'F', '0');
INSERT INTO clients (client_id, name, email, birthdate, gender, active) VALUES ('114', 'Gilligan Conti', 'gconti35@washington.edu', '1980-10-05', 'F', '0');
INSERT INTO clients (client_id, name, email, birthdate, gender, active) VALUES ('115', 'Oralee Sodo', 'osodo36@arstechnica.com', '1986-04-06', 'F', '1');
INSERT INTO clients (client_id, name, email, birthdate, gender, active) VALUES ('116', 'Neila Lipgens', 'nlipgens37@businessweek.com', '1978-09-09', 'F', '0');
INSERT INTO clients (client_id, name, email, birthdate, gender, active) VALUES ('118', 'Carly Orneles', 'corneles39@diigo.com', '1973-10-27', 'F', '1');
INSERT INTO clients (client_id, name, email, birthdate, gender, active) VALUES ('119', 'Nert Rodwell', 'nrodwell3a@plala.or.jp', '2001-10-16', 'F', '1');
INSERT INTO clients (client_id, name, email, birthdate, gender, active) VALUES ('121', 'Marianne Sanderson', 'msanderson3c@vk.com', '1978-11-17', 'F', '0');
INSERT INTO clients (client_id, name, email, birthdate, gender, active) VALUES ('122', 'Lyndy Peppin', 'lpeppin3d@cargocollective.com', '1991-01-30', 'F', '0');
INSERT INTO clients (client_id, name, email, birthdate, gender, active) VALUES ('123', 'Katrinka Yeliashev', 'kyeliashev3e@blinklist.com', '1992-01-19', 'F', '1');
INSERT INTO clients (client_id, name, email, birthdate, gender, active) VALUES ('126', 'Licha Gostage', 'lgostage3h@spiegel.de', '1977-09-11', 'F', '0');
INSERT INTO clients (client_id, name, email, birthdate, gender, active) VALUES ('129', 'Claudia Grzegorzewicz', 'cgrzegorzewicz3k@va.gov', '1982-06-06', 'F', '0');
INSERT INTO clients (client_id, name, email, birthdate, gender, active) VALUES ('130', 'Lyssa Kimmins', 'lkimmins3l@nhs.uk', '1980-11-08', 'F', '1');
INSERT INTO clients (client_id, name, email, birthdate, gender, active) VALUES ('132', 'Aurelea Hindrick', 'ahindrick3n@myspace.com', '1971-11-05', 'F', '1');
INSERT INTO clients (client_id, name, email, birthdate, gender, active) VALUES ('133', 'Nikolia Webley', 'nwebley3o@printfriendly.com', '1997-04-20', 'F', '0');
INSERT INTO clients (client_id, name, email, birthdate, gender, active) VALUES ('140', 'Sallee Enderwick', 'senderwick3v@linkedin.com', '1976-04-17', 'F', '0');
INSERT INTO clients (client_id, name, email, birthdate, gender, active) VALUES ('142', 'Gilda Keningley', 'gkeningley3x@imageshack.us', '1991-09-06', 'F', '1');
INSERT INTO clients (client_id, name, email, birthdate, gender, active) VALUES ('143', 'Kaylyn Lightollers', 'klightollers3y@xing.com', '1971-04-25', 'F', '0');
INSERT INTO clients (client_id, name, email, birthdate, gender, active) VALUES ('144', 'Mellie Bonniface', 'mbonniface3z@jigsy.com', '1985-12-16', 'F', '0');
INSERT INTO clients (client_id, name, email, birthdate, gender, active) VALUES ('145', 'Angelika Wavish', 'awavish40@youku.com', '1982-02-08', 'F', '0');
INSERT INTO clients (client_id, name, email, birthdate, gender, active) VALUES ('148', 'Mada Skrzynski', 'mskrzynski43@mysql.com', '1977-10-27', 'F', '0');
INSERT INTO clients (client_id, name, email, birthdate, gender, active) VALUES ('149', 'Nichole Pelos', 'npelos44@163.com', '1989-10-28', 'F', '1');
INSERT INTO clients (client_id, name, email, birthdate, gender, active) VALUES ('150', 'Lorettalorna Cottie', 'lcottie45@etsy.com', '1992-09-30', 'F', '1');
INSERT INTO clients (client_id, name, email, birthdate, gender, active) VALUES ('152', 'Gerda Alchin', 'galchin47@acquirethisname.com', '1980-09-10', 'F', '1');
INSERT INTO clients (client_id, name, email, birthdate, gender, active) VALUES ('155', 'Emmalee Learoid', 'elearoid4a@fc2.com', '1974-09-17', 'F', '0');
INSERT INTO clients (client_id, name, email, birthdate, gender, active) VALUES ('156', 'Neala Boylund', 'nboylund4b@bravesites.com', '1977-01-24', 'F', '1');
INSERT INTO clients (client_id, name, email, birthdate, gender, active) VALUES ('159', 'Horatia Raincin', 'hraincin4e@oakley.com', '1971-01-07', 'F', '0');
INSERT INTO clients (client_id, name, email, birthdate, gender, active) VALUES ('161', 'Emmalyn Farre', 'efarre4g@dyndns.org', '1995-06-26', 'F', '0');
INSERT INTO clients (client_id, name, email, birthdate, gender, active) VALUES ('163', 'Mirilla Hammett', 'mhammett4i@github.com', '1973-11-12', 'F', '1');
INSERT INTO clients (client_id, name, email, birthdate, gender, active) VALUES ('166', 'Anjanette Danilenko', 'adanilenko4l@dedecms.com', '1983-07-22', 'F', '1');
INSERT INTO clients (client_id, name, email, birthdate, gender, active) VALUES ('167', 'Malva Pennycook', 'mpennycook4m@gov.uk', '1970-03-31', 'F', '1');
INSERT INTO clients (client_id, name, email, birthdate, gender, active) VALUES ('173', 'Shanta Mintoff', 'smintoff4s@a8.net', '1998-09-26', 'F', '0');
INSERT INTO clients (client_id, name, email, birthdate, gender, active) VALUES ('179', 'Justinn Hully', 'jhully4y@mozilla.com', '1982-04-09', 'F', '1');
INSERT INTO clients (client_id, name, email, birthdate, gender, active) VALUES ('180', 'Friederike Pardoe', 'fpardoe4z@vistaprint.com', '1980-12-26', 'F', '1');
INSERT INTO clients (client_id, name, email, birthdate, gender, active) VALUES ('183', 'Roseann Worgen', 'rworgen52@icq.com', '1990-05-08', 'F', '1');
INSERT INTO clients (client_id, name, email, birthdate, gender, active) VALUES ('186', 'Fiann Leyson', 'fleyson55@discuz.net', '1986-12-10', 'F', '0');
INSERT INTO clients (client_id, name, email, birthdate, gender, active) VALUES ('188', 'Teresita Mourant', 'tmourant57@alibaba.com', '1974-08-28', 'F', '1');
INSERT INTO clients (client_id, name, email, birthdate, gender, active) VALUES ('191', 'Kacey Bulpitt', 'kbulpitt5a@whitehouse.gov', '1984-06-22', 'F', '1');
INSERT INTO clients (client_id, name, email, birthdate, gender, active) VALUES ('192', 'Vinita Diggle', 'vdiggle5b@naver.com', '1972-11-08', 'F', '0');
INSERT INTO clients (client_id, name, email, birthdate, gender, active) VALUES ('193', 'Cherri Goolding', 'cgoolding5c@simplemachines.org', '1983-12-09', 'F', '1');
INSERT INTO clients (client_id, name, email, birthdate, gender, active) VALUES ('196', 'Willow Spaice', 'wspaice5f@posterous.com', '2001-02-13', 'F', '0');
INSERT INTO clients (client_id, name, email, birthdate, gender, active) VALUES ('202', 'Rayna Ashton', 'rashton5l@list-manage.com', '1987-10-17', 'F', '0');
INSERT INTO clients (client_id, name, email, birthdate, gender, active) VALUES ('204', 'Gilly Boyett', 'gboyett5n@flavors.me', '1986-02-02', 'F', '1');
INSERT INTO clients (client_id, name, email, birthdate, gender, active) VALUES ('206', 'Aleta Sawtell', 'asawtell5p@elpais.com', '1970-10-05', 'F', '0');
INSERT INTO clients (client_id, name, email, birthdate, gender, active) VALUES ('210', 'Christie Vankov', 'cvankov5t@addtoany.com', '1987-11-17', 'F', '0');
INSERT INTO clients (client_id, name, email, birthdate, gender, active) VALUES ('211', 'Cristi Elloit', 'celloit5u@cpanel.net', '1997-08-04', 'F', '0');
INSERT INTO clients (client_id, name, email, birthdate, gender, active) VALUES ('214', 'Rowena Prawle', 'rprawle5x@google.com', '1974-02-15', 'F', '1');
INSERT INTO clients (client_id, name, email, birthdate, gender, active) VALUES ('218', 'Mirilla Gounin', 'mgounin61@ebay.com', '1984-02-16', 'F', '1');
INSERT INTO clients (client_id, name, email, birthdate, gender, active) VALUES ('219', 'Marjorie Casely', 'mcasely62@alexa.com', '1972-12-29', 'F', '1');
INSERT INTO clients (client_id, name, email, birthdate, gender, active) VALUES ('220', 'Vinnie Tilne', 'vtilne63@yale.edu', '1994-07-26', 'F', '1');
INSERT INTO clients (client_id, name, email, birthdate, gender, active) VALUES ('224', 'Kerianne Proswell', 'kproswell67@google.co.uk', '1980-02-08', 'F', '0');
INSERT INTO clients (client_id, name, email, birthdate, gender, active) VALUES ('225', 'Melisandra Rogeon', 'mrogeon68@mozilla.com', '1994-10-26', 'F', '0');
INSERT INTO clients (client_id, name, email, birthdate, gender, active) VALUES ('226', 'Bobette Oherlihy', 'boherlihy69@dot.gov', '1972-06-16', 'F', '1');
INSERT INTO clients (client_id, name, email, birthdate, gender, active) VALUES ('228', 'Jackquelin Turnpenny', 'jturnpenny6b@stanford.edu', '1976-11-30', 'F', '0');
INSERT INTO clients (client_id, name, email, birthdate, gender, active) VALUES ('242', 'Elfrida Ciccotti', 'eciccotti6p@xinhuanet.com', '1979-07-11', 'F', '1');
INSERT INTO clients (client_id, name, email, birthdate, gender, active) VALUES ('244', 'Jayme Dearing', 'jdearing6r@bravesites.com', '1994-05-31', 'F', '0');
INSERT INTO clients (client_id, name, email, birthdate, gender, active) VALUES ('249', 'Ainslee Wycliff', 'awycliff6w@gov.uk', '1982-09-04', 'F', '1');
INSERT INTO clients (client_id, name, email, birthdate, gender, active) VALUES ('250', '100ine Tommei', 'ntommei6x@independent.co.uk', '1982-09-06', 'F', '0');
INSERT INTO clients (client_id, name, email, birthdate, gender, active) VALUES ('252', 'Leonore Touret', 'ltouret6z@ifeng.com', '1989-07-30', 'F', '0');
INSERT INTO clients (client_id, name, email, birthdate, gender, active) VALUES ('253', 'Addia Petel', 'apetel70@shutterfly.com', '1987-08-18', 'F', '0');
INSERT INTO clients (client_id, name, email, birthdate, gender, active) VALUES ('257', 'Dori Kilban', 'dkilban74@privacy.gov.au', '1984-05-11', 'F', '1');
INSERT INTO clients (client_id, name, email, birthdate, gender, active) VALUES ('259', 'Elset Gianotti', 'egianotti76@nba.com', '1980-08-01', 'F', '1');
INSERT INTO clients (client_id, name, email, birthdate, gender, active) VALUES ('261', 'Bibbye ODunneen', 'bodunneen78@ovh.net', '1970-01-25', 'F', '0');
INSERT INTO clients (client_id, name, email, birthdate, gender, active) VALUES ('262', 'Felicia Stutte', 'fstutte79@dell.com', '1978-08-05', 'F', '1');
INSERT INTO clients (client_id, name, email, birthdate, gender, active) VALUES ('263', 'Laverne Croneen', 'lcroneen7a@tumblr.com', '1994-03-25', 'F', '1');
INSERT INTO clients (client_id, name, email, birthdate, gender, active) VALUES ('264', 'Gerhardine McKinnon', 'gmckinnon7b@ameblo.jp', '1993-07-05', 'F', '1');
INSERT INTO clients (client_id, name, email, birthdate, gender, active) VALUES ('267', 'Gabriela Wooster', 'gwooster7e@timesonline.co.uk', '1976-04-14', 'F', '0');
INSERT INTO clients (client_id, name, email, birthdate, gender, active) VALUES ('270', 'Vivianna Foucar', 'vfoucar7h@scribd.com', '1976-08-17', 'F', '1');
INSERT INTO clients (client_id, name, email, birthdate, gender, active) VALUES ('272', 'Jessamyn Frostdick', 'jfrostdick7j@ycombinator.com', '1993-10-21', 'F', '0');
INSERT INTO clients (client_id, name, email, birthdate, gender, active) VALUES ('274', 'Aubine Kyteley', 'akyteley7l@surveymonkey.com', '1996-02-20', 'F', '0');
INSERT INTO clients (client_id, name, email, birthdate, gender, active) VALUES ('275', 'Melly Trenear', 'mtrenear7m@timesonline.co.uk', '1984-07-16', 'F', '1');
INSERT INTO clients (client_id, name, email, birthdate, gender, active) VALUES ('276', 'Sylvia Macklin', 'smacklin7n@google.com.br', '1989-12-23', 'F', '1');
INSERT INTO clients (client_id, name, email, birthdate, gender, active) VALUES ('278', 'Venus Aughtie', 'vaughtie7p@nature.com', '1983-05-27', 'F', '0');
INSERT INTO clients (client_id, name, email, birthdate, gender, active) VALUES ('279', 'Leo100ie Kepe', 'lkepe7q@taobao.com', '1986-01-18', 'F', '1');
INSERT INTO clients (client_id, name, email, birthdate, gender, active) VALUES ('282', 'Uta Hudspeth', 'uhudspeth7t@zimbio.com', '1972-08-02', 'F', '0');
INSERT INTO clients (client_id, name, email, birthdate, gender, active) VALUES ('285', 'Bea Llewellen', 'bllewellen7w@ow.ly', '1994-11-14', 'F', '1');
INSERT INTO clients (client_id, name, email, birthdate, gender, active) VALUES ('288', 'Thomasina Joust', 'tjoust7z@yelp.com', '1990-05-21', 'F', '0');
INSERT INTO clients (client_id, name, email, birthdate, gender, active) VALUES ('289', 'Anni Harston', 'aharston80@tuttocitta.it', '1980-09-15', 'F', '0');
INSERT INTO clients (client_id, name, email, birthdate, gender, active) VALUES ('290', 'Hally Bartens', 'hbartens81@ezinearticles.com', '1989-01-01', 'F', '0');
INSERT INTO clients (client_id, name, email, birthdate, gender, active) VALUES ('292', 'Kelila Stoeck', 'kstoeck83@nytimes.com', '2000-08-16', 'F', '0');
INSERT INTO clients (client_id, name, email, birthdate, gender, active) VALUES ('295', 'Channa Driffe', 'cdriffe86@netlog.com', '1987-03-03', 'F', '0');
INSERT INTO clients (client_id, name, email, birthdate, gender, active) VALUES ('296', 'Monah Cawsy', 'mcawsy87@springer.com', '1973-01-06', 'F', '0');
INSERT INTO clients (client_id, name, email, birthdate, gender, active) VALUES ('299', 'Lisette Cicconetti', 'lcicconetti8a@google.it', '1988-10-23', 'F', '0');
INSERT INTO clients (client_id, name, email, birthdate, gender, active) VALUES ('301', 'Alysia Hurler', 'ahurler8c@gnu.org', '1999-06-12', 'F', '1');
INSERT INTO clients (client_id, name, email, birthdate, gender, active) VALUES ('304', 'Ursulina Hollebon', 'uhollebon8f@illinois.edu', '1974-10-30', 'F', '0');
INSERT INTO clients (client_id, name, email, birthdate, gender, active) VALUES ('305', 'Madelon Stienton', 'mstienton8g@bbc.co.uk', '1978-02-26', 'F', '0');
INSERT INTO clients (client_id, name, email, birthdate, gender, active) VALUES ('307', 'Fifi Potes', 'fpotes8i@blogger.com', '1978-04-19', 'F', '1');
INSERT INTO clients (client_id, name, email, birthdate, gender, active) VALUES ('308', 'Christyna Roelvink', 'croelvink8j@cornell.edu', '1973-11-18', 'F', '0');
INSERT INTO clients (client_id, name, email, birthdate, gender, active) VALUES ('310', 'Farrah Moring', 'fmoring8l@xinhuanet.com', '1998-04-21', 'F', '1');
INSERT INTO clients (client_id, name, email, birthdate, gender, active) VALUES ('311', 'Krystal Learmount', 'klearmount8m@wufoo.com', '1970-02-18', 'F', '0');
INSERT INTO clients (client_id, name, email, birthdate, gender, active) VALUES ('312', 'Allegra Hutchin', 'ahutchin8n@ow.ly', '1979-05-18', 'F', '1');
INSERT INTO clients (client_id, name, email, birthdate, gender, active) VALUES ('314', 'Karena Dukes', 'kdukes8p@dyndns.org', '1973-03-27', 'F', '0');
INSERT INTO clients (client_id, name, email, birthdate, gender, active) VALUES ('315', 'Atlante Buggy', 'abuggy8q@patch.com', '1985-12-20', 'F', '1');
INSERT INTO clients (client_id, name, email, birthdate, gender, active) VALUES ('317', 'Anna Andreou', 'aandreou8s@ask.com', '1991-07-03', 'F', '0');
INSERT INTO clients (client_id, name, email, birthdate, gender, active) VALUES ('326', 'Davina Lazenby', 'dlazenby91@odnoklassniki.ru', '1999-05-20', 'F', '1');
INSERT INTO clients (client_id, name, email, birthdate, gender, active) VALUES ('329', 'Adrianna Alexandre', 'aalexandre94@cbc.ca', '1986-10-16', 'F', '0');
INSERT INTO clients (client_id, name, email, birthdate, gender, active) VALUES ('332', 'Karita Erdis', 'kerdis97@blogger.com', '1975-03-17', 'F', '0');
INSERT INTO clients (client_id, name, email, birthdate, gender, active) VALUES ('333', 'Babbie Twinbourne', 'btwinbourne98@state.gov', '1974-04-30', 'F', '0');
INSERT INTO clients (client_id, name, email, birthdate, gender, active) VALUES ('334', 'Dorolice Inch', 'dinch99@nationalgeographic.com', '1983-01-14', 'F', '0');
INSERT INTO clients (client_id, name, email, birthdate, gender, active) VALUES ('338', 'Pepi McRinn', 'pmcrinn9d@freewebs.com', '1976-02-22', 'F', '1');
INSERT INTO clients (client_id, name, email, birthdate, gender, active) VALUES ('344', 'Rubetta Atwell', 'ratwell9j@seesaa.net', '1977-11-15', 'F', '1');
INSERT INTO clients (client_id, name, email, birthdate, gender, active) VALUES ('345', 'Dora Klugman', 'dklugman9k@bloglovin.com', '1994-03-03', 'F', '0');
INSERT INTO clients (client_id, name, email, birthdate, gender, active) VALUES ('348', 'Issie Ghiroldi', 'ighiroldi9n@abc.net.au', '1988-12-18', 'F', '0');
INSERT INTO clients (client_id, name, email, birthdate, gender, active) VALUES ('349', 'Binni Maffini', 'bmaffini9o@people.com.cn', '1995-01-09', 'F', '1');
INSERT INTO clients (client_id, name, email, birthdate, gender, active) VALUES ('354', 'Rois Delgua', 'rdelgua9t@issuu.com', '1988-06-22', 'F', '0');
INSERT INTO clients (client_id, name, email, birthdate, gender, active) VALUES ('356', 'Trudey Rumbelow', 'trumbelow9v@apple.com', '1984-05-27', 'F', '1');
INSERT INTO clients (client_id, name, email, birthdate, gender, active) VALUES ('357', 'Evonne Dunlap', 'edunlap9w@samsung.com', '1993-11-25', 'F', '0');
INSERT INTO clients (client_id, name, email, birthdate, gender, active) VALUES ('359', 'Devora Cockran', 'dcockran9y@issuu.com', '1972-03-22', 'F', '1');
INSERT INTO clients (client_id, name, email, birthdate, gender, active) VALUES ('360', 'Kristan Drohane', 'kdrohane9z@blogspot.com', '1975-10-12', 'F', '1');
INSERT INTO clients (client_id, name, email, birthdate, gender, active) VALUES ('361', 'Kathye Losel', 'klosela0@yellowpages.com', '1998-05-06', 'F', '0');
INSERT INTO clients (client_id, name, email, birthdate, gender, active) VALUES ('362', 'Berthe Breadmore', 'bbreadmorea1@smh.com.au', '1975-07-21', 'F', '0');
INSERT INTO clients (client_id, name, email, birthdate, gender, active) VALUES ('365', 'Theressa Daykin', 'tdaykina4@abc.net.au', '1982-10-28', 'F', '1');
INSERT INTO clients (client_id, name, email, birthdate, gender, active) VALUES ('367', 'Hattie Ephson', 'hephsona6@europa.eu', '1978-11-08', 'F', '1');
INSERT INTO clients (client_id, name, email, birthdate, gender, active) VALUES ('368', 'Faith Dober', 'fdobera7@ucsd.edu', '1991-07-12', 'F', '1');
INSERT INTO clients (client_id, name, email, birthdate, gender, active) VALUES ('369', 'Elly Connichie', 'econnichiea8@paypal.com', '1988-11-21', 'F', '0');
INSERT INTO clients (client_id, name, email, birthdate, gender, active) VALUES ('370', 'Faustine Laurent', 'flaurenta9@zdnet.com', '1991-09-28', 'F', '0');
INSERT INTO clients (client_id, name, email, birthdate, gender, active) VALUES ('371', 'Tamra Dredge', 'tdredgeaa@rakuten.co.jp', '1993-08-04', 'F', '1');
INSERT INTO clients (client_id, name, email, birthdate, gender, active) VALUES ('374', 'Verena Tombleson', 'vtomblesonad@deliciousdays.com', '2002-07-23', 'F', '1');
INSERT INTO clients (client_id, name, email, birthdate, gender, active) VALUES ('377', 'Emalia Kervin', 'ekervinag@craigslist.org', '1991-08-16', 'F', '1');
INSERT INTO clients (client_id, name, email, birthdate, gender, active) VALUES ('378', 'Stephani Goburn', 'sgoburnah@discovery.com', '1989-01-18', 'F', '1');
INSERT INTO clients (client_id, name, email, birthdate, gender, active) VALUES ('382', 'Vitia Finlow', 'vfinlowal@vk.com', '1993-07-17', 'F', '1');
INSERT INTO clients (client_id, name, email, birthdate, gender, active) VALUES ('388', 'Kirstin Olding', 'koldingar@ca.gov', '1996-05-11', 'F', '0');
INSERT INTO clients (client_id, name, email, birthdate, gender, active) VALUES ('389', 'Raye Bulcroft', 'rbulcroftas@flickr.com', '1992-08-14', 'F', '0');
INSERT INTO clients (client_id, name, email, birthdate, gender, active) VALUES ('390', 'Fiann Baldrick', 'fbaldrickat@virginia.edu', '1970-12-30', 'F', '0');
INSERT INTO clients (client_id, name, email, birthdate, gender, active) VALUES ('392', 'Laina Breukelman', 'lbreukelmanav@t.co', '1980-08-18', 'F', '1');
INSERT INTO clients (client_id, name, email, birthdate, gender, active) VALUES ('393', 'Colette Markova', 'cmarkovaaw@1und1.de', '1979-01-03', 'F', '0');
INSERT INTO clients (client_id, name, email, birthdate, gender, active) VALUES ('395', 'Bambi Peploe', 'bpeploeay@salon.com', '1995-10-28', 'F', '0');
INSERT INTO clients (client_id, name, email, birthdate, gender, active) VALUES ('399', 'Cheryl Tessington', 'ctessingtonb2@discovery.com', '1970-04-05', 'F', '1');
INSERT INTO clients (client_id, name, email, birthdate, gender, active) VALUES ('400', 'Wren Von Oertzen', 'wvonb3@mysql.com', '2001-08-31', 'F', '0');
INSERT INTO clients (client_id, name, email, birthdate, gender, active) VALUES ('401', 'Cathyleen Giacometti', 'cgiacomettib4@biglobe.ne.jp', '1972-08-11', 'F', '1');
INSERT INTO clients (client_id, name, email, birthdate, gender, active) VALUES ('407', 'Laurie Clemence', 'lclemenceba@nifty.com', '1999-07-08', 'F', '0');
INSERT INTO clients (client_id, name, email, birthdate, gender, active) VALUES ('408', 'Annmaria MacGrath', 'amacgrathbb@dailymotion.com', '1973-04-20', 'F', '0');
INSERT INTO clients (client_id, name, email, birthdate, gender, active) VALUES ('411', 'Nonnah Float', 'nfloatbe@hud.gov', '1989-10-27', 'F', '0');
INSERT INTO clients (client_id, name, email, birthdate, gender, active) VALUES ('413', 'Toinette Collop', 'tcollopbg@ftc.gov', '1985-06-11', 'F', '1');
INSERT INTO clients (client_id, name, email, birthdate, gender, active) VALUES ('419', 'Kiley Van den Velden', 'kvanbm@ucla.edu', '1984-03-31', 'F', '1');
INSERT INTO clients (client_id, name, email, birthdate, gender, active) VALUES ('424', 'Winonah Mingotti', 'wmingottibr@google.com.br', '1987-04-08', 'F', '0');
INSERT INTO clients (client_id, name, email, birthdate, gender, active) VALUES ('428', 'Timi Izzard', 'tizzardbv@blogspot.com', '1975-09-29', 'F', '1');
INSERT INTO clients (client_id, name, email, birthdate, gender, active) VALUES ('431', 'Toby Braker', 'tbrakerby@umn.edu', '1983-06-25', 'F', '0');
INSERT INTO clients (client_id, name, email, birthdate, gender, active) VALUES ('434', 'Stefania Probet', 'sprobetc1@google.com.au', '1993-12-22', 'F', '1');
INSERT INTO clients (client_id, name, email, birthdate, gender, active) VALUES ('438', 'Veriee Doy', 'vdoyc5@photobucket.com', '1991-06-28', 'F', '1');
INSERT INTO clients (client_id, name, email, birthdate, gender, active) VALUES ('440', 'Milka Espinet', 'mespinetc7@blogspot.com', '1999-02-06', 'F', '0');
INSERT INTO clients (client_id, name, email, birthdate, gender, active) VALUES ('441', 'Nelli Ruperti', 'nrupertic8@si.edu', '1987-04-26', 'F', '0');
INSERT INTO clients (client_id, name, email, birthdate, gender, active) VALUES ('442', 'Joey Bray', 'jbrayc9@accuweather.com', '1972-03-23', 'F', '1');
INSERT INTO clients (client_id, name, email, birthdate, gender, active) VALUES ('445', 'Albertina Belz', 'abelzcc@bigcartel.com', '2001-08-10', 'F', '1');
INSERT INTO clients (client_id, name, email, birthdate, gender, active) VALUES ('446', 'Claudina Jedrzejewsky', 'cjedrzejewskycd@narod.ru', '1995-09-16', 'F', '0');
INSERT INTO clients (client_id, name, email, birthdate, gender, active) VALUES ('448', 'Biddy Lidgertwood', 'blidgertwoodcf@foxnews.com', '1998-04-20', 'F', '0');
INSERT INTO clients (client_id, name, email, birthdate, gender, active) VALUES ('450', 'Linda Burdess', 'lburdessch@narod.ru', '1992-09-10', 'F', '0');
INSERT INTO clients (client_id, name, email, birthdate, gender, active) VALUES ('452', 'Hope Father', 'hfathercj@paginegialle.it', '1991-11-04', 'F', '0');
INSERT INTO clients (client_id, name, email, birthdate, gender, active) VALUES ('453', 'Kipp McReynolds', 'kmcreynoldsck@census.gov', '1975-12-03', 'F', '0');
INSERT INTO clients (client_id, name, email, birthdate, gender, active) VALUES ('455', 'Corilla Pharro', 'cpharrocm@booking.com', '1975-11-06', 'F', '0');
INSERT INTO clients (client_id, name, email, birthdate, gender, active) VALUES ('458', 'Krystalle Fellibrand', 'kfellibrandcp@hostgator.com', '2001-11-26', 'F', '0');
INSERT INTO clients (client_id, name, email, birthdate, gender, active) VALUES ('459', 'Raeann Deveraux', 'rdeverauxcq@forbes.com', '2001-10-11', 'F', '1');
INSERT INTO clients (client_id, name, email, birthdate, gender, active) VALUES ('461', 'Gerty Dennidge', 'gdennidgecs@geocities.com', '1999-02-05', 'F', '1');
INSERT INTO clients (client_id, name, email, birthdate, gender, active) VALUES ('464', 'Emylee Colson', 'ecolsoncv@multiply.com', '1970-07-22', 'F', '0');
INSERT INTO clients (client_id, name, email, birthdate, gender, active) VALUES ('467', 'Cherin Shoebottom', 'cshoebottomcy@zdnet.com', '1997-04-06', 'F', '0');
INSERT INTO clients (client_id, name, email, birthdate, gender, active) VALUES ('469', 'Kathe Ager', 'kagerd0@theglobeandmail.com', '1980-06-20', 'F', '0');
INSERT INTO clients (client_id, name, email, birthdate, gender, active) VALUES ('470', 'Willette Flea', 'wflead1@zdnet.com', '1983-03-13', 'F', '0');
INSERT INTO clients (client_id, name, email, birthdate, gender, active) VALUES ('472', 'Holli Branston', 'hbranstond3@hp.com', '1988-12-15', 'F', '0');
INSERT INTO clients (client_id, name, email, birthdate, gender, active) VALUES ('476', 'Zabrina Froschauer', 'zfroschauerd7@archive.org', '1982-10-01', 'F', '1');
INSERT INTO clients (client_id, name, email, birthdate, gender, active) VALUES ('479', 'Emelia Pietraszek', 'epietraszekda@google.co.jp', '1979-11-11', 'F', '0');
INSERT INTO clients (client_id, name, email, birthdate, gender, active) VALUES ('480', 'Kanya Bortoluzzi', 'kbortoluzzidb@sogou.com', '1992-09-29', 'F', '1');
INSERT INTO clients (client_id, name, email, birthdate, gender, active) VALUES ('483', 'Maire Coombe', 'mcoombede@a8.net', '1988-01-02', 'F', '1');
INSERT INTO clients (client_id, name, email, birthdate, gender, active) VALUES ('484', 'Desdemona Sherrell', 'dsherrelldf@lulu.com', '1995-01-22', 'F', '1');
INSERT INTO clients (client_id, name, email, birthdate, gender, active) VALUES ('485', 'Barby Budgett', 'bbudgettdg@prnewswire.com', '1986-08-26', 'F', '0');
INSERT INTO clients (client_id, name, email, birthdate, gender, active) VALUES ('487', 'Eustacia Terbrugge', 'eterbruggedi@free.fr', '1972-03-28', 'F', '0');
INSERT INTO clients (client_id, name, email, birthdate, gender, active) VALUES ('490', 'Cosetta Goodie', 'cgoodiedl@sitemeter.com', '1977-04-24', 'F', '0');
INSERT INTO clients (client_id, name, email, birthdate, gender, active) VALUES ('491', 'Paulette Thomelin', 'pthomelindm@sitemeter.com', '1971-03-21', 'F', '0');
INSERT INTO clients (client_id, name, email, birthdate, gender, active) VALUES ('494', 'Pietra Axworthy', 'paxworthydp@loc.gov', '1983-12-01', 'F', '0');
INSERT INTO clients (client_id, name, email, birthdate, gender, active) VALUES ('495', 'Frank McTear', 'fmcteardq@1688.com', '1988-03-23', 'F', '1');
INSERT INTO clients (client_id, name, email, birthdate, gender, active) VALUES ('496', 'Shirlee Catchpole', 'scatchpoledr@cnbc.com', '1997-01-28', 'F', '1');
INSERT INTO clients (client_id, name, email, birthdate, gender, active) VALUES ('497', 'Merl MacDonnell', 'mmacdonnellds@umn.edu', '1978-12-20', 'F', '1');
INSERT INTO clients (client_id, name, email, birthdate, gender, active) VALUES ('498', 'Wren Yarrell', 'wyarrelldt@paginegialle.it', '1990-04-25', 'F', '1');
INSERT INTO clients (client_id, name, email, birthdate, gender, active) VALUES ('499', 'Fey Hurdle', 'fhurdledu@qq.com', '1977-04-01', 'F', '1');
INSERT INTO clients (client_id, name, email, birthdate, gender, active) VALUES ('4', 'Co100 Cope', 'ccope3@microsoft.com', '1981-11-10', 'M', '1');
INSERT INTO clients (client_id, name, email, birthdate, gender, active) VALUES ('5', 'Raynard Utterson', 'rutterson4@reference.com', '1982-08-15', 'M', '0');
INSERT INTO clients (client_id, name, email, birthdate, gender, active) VALUES ('7', 'Randal Coggeshall', 'rcoggeshall6@hexun.com', '2000-05-04', 'M', '1');
INSERT INTO clients (client_id, name, email, birthdate, gender, active) VALUES ('10', 'Ambrose Birk', 'abirk9@tumblr.com', '2000-03-10', 'M', '1');
INSERT INTO clients (client_id, name, email, birthdate, gender, active) VALUES ('11', 'Gawain McQuilkin', 'gmcquilkina@miibeian.gov.cn', '1985-11-26', 'M', '0');
INSERT INTO clients (client_id, name, email, birthdate, gender, active) VALUES ('12', 'Gunner Ditchfield', 'gditchfieldb@time.com', '1979-04-04', 'M', '0');
INSERT INTO clients (client_id, name, email, birthdate, gender, active) VALUES ('13', 'Tyler Snelman', 'tsnelmanc@loc.gov', '1996-07-14', 'M', '0');
INSERT INTO clients (client_id, name, email, birthdate, gender, active) VALUES ('14', 'Marvin Cummungs', 'mcummungsd@jugem.jp', '1989-03-15', 'M', '1');
INSERT INTO clients (client_id, name, email, birthdate, gender, active) VALUES ('16', 'Cornall Ovenden', 'covendenf@senate.gov', '1992-06-14', 'M', '0');
INSERT INTO clients (client_id, name, email, birthdate, gender, active) VALUES ('20', 'Demetrius Spada', 'dspadaj@i2i.jp', '1983-06-21', 'M', '1');
INSERT INTO clients (client_id, name, email, birthdate, gender, active) VALUES ('26', 'Linc Chalder', 'lchalderp@bravesites.com', '1991-12-15', 'M', '1');
INSERT INTO clients (client_id, name, email, birthdate, gender, active) VALUES ('31', 'Bruce Holdren', 'bholdrenu@eventbrite.com', '2001-08-01', 'M', '0');
INSERT INTO clients (client_id, name, email, birthdate, gender, active) VALUES ('32', 'Ephrem MacGaffey', 'emacgaffeyv@lycos.com', '1977-10-30', 'M', '1');
INSERT INTO clients (client_id, name, email, birthdate, gender, active) VALUES ('33', 'Henri Croal', 'hcroalw@fc2.com', '1989-10-23', 'M', '0');
INSERT INTO clients (client_id, name, email, birthdate, gender, active) VALUES ('34', 'Nikolaus Digges', 'ndiggesx@blogs.com', '1974-07-08', 'M', '0');
INSERT INTO clients (client_id, name, email, birthdate, gender, active) VALUES ('35', 'Cornie Lorent', 'clorenty@bbb.org', '1986-03-07', 'M', '0');
INSERT INTO clients (client_id, name, email, birthdate, gender, active) VALUES ('38', 'Fair Kears', 'fkears11@epa.gov', '1989-11-13', 'M', '0');
INSERT INTO clients (client_id, name, email, birthdate, gender, active) VALUES ('39', 'Willi Banthorpe', 'wbanthorpe12@google.es', '1993-06-18', 'M', '0');
INSERT INTO clients (client_id, name, email, birthdate, gender, active) VALUES ('40', 'Max Vauls', 'mvauls13@lycos.com', '1990-05-03', 'M', '0');
INSERT INTO clients (client_id, name, email, birthdate, gender, active) VALUES ('42', 'Cecil Van Oort', 'cvan15@uiuc.edu', '1981-01-11', 'M', '1');
INSERT INTO clients (client_id, name, email, birthdate, gender, active) VALUES ('43', 'Brady Facchini', 'bfacchini16@reddit.com', '1980-05-17', 'M', '1');
INSERT INTO clients (client_id, name, email, birthdate, gender, active) VALUES ('44', 'Fielding Abrahamsohn', 'fabrahamsohn17@mozilla.com', '1971-03-11', 'M', '1');
INSERT INTO clients (client_id, name, email, birthdate, gender, active) VALUES ('46', 'Arman Longthorn', 'alongthorn19@wordpress.org', '1984-03-13', 'M', '0');
INSERT INTO clients (client_id, name, email, birthdate, gender, active) VALUES ('47', 'August De Laspee', 'ade1a@webmd.com', '2000-05-15', 'M', '1');
INSERT INTO clients (client_id, name, email, birthdate, gender, active) VALUES ('48', 'Joachim Pearcehouse', 'jpearcehouse1b@spotify.com', '1993-04-10', 'M', '0');
INSERT INTO clients (client_id, name, email, birthdate, gender, active) VALUES ('50', 'Murdock Abrahamian', 'mabrahamian1d@mac.com', '2002-06-15', 'M', '1');
INSERT INTO clients (client_id, name, email, birthdate, gender, active) VALUES ('51', 'Lucian Senecaut', 'lsenecaut1e@amazon.co.uk', '1971-12-07', 'M', '0');
INSERT INTO clients (client_id, name, email, birthdate, gender, active) VALUES ('52', 'Ellary Gallety', 'egallety1f@tuttocitta.it', '1977-02-17', 'M', '0');
INSERT INTO clients (client_id, name, email, birthdate, gender, active) VALUES ('54', 'Gothart Hebborn', 'ghebborn1h@istockphoto.com', '1983-04-06', 'M', '0');
INSERT INTO clients (client_id, name, email, birthdate, gender, active) VALUES ('56', 'Marwin Croxton', 'mcroxton1j@addtoany.com', '1980-02-01', 'M', '1');
INSERT INTO clients (client_id, name, email, birthdate, gender, active) VALUES ('58', 'Sheff Primmer', 'sprimmer1l@howstuffworks.com', '1999-10-05', 'M', '1');
INSERT INTO clients (client_id, name, email, birthdate, gender, active) VALUES ('60', 'Ellsworth Sleeman', 'esleeman1n@kickstarter.com', '2000-05-12', 'M', '1');
INSERT INTO clients (client_id, name, email, birthdate, gender, active) VALUES ('62', 'Kerry Slayton', 'kslayton1p@angelfire.com', '2001-11-25', 'M', '1');
INSERT INTO clients (client_id, name, email, birthdate, gender, active) VALUES ('63', 'Zed Tremblay', 'ztremblay1q@mtv.com', '2002-02-16', 'M', '1');
INSERT INTO clients (client_id, name, email, birthdate, gender, active) VALUES ('66', 'Rowan Bird', 'rbird1t@ibm.com', '2002-01-27', 'M', '0');
INSERT INTO clients (client_id, name, email, birthdate, gender, active) VALUES ('68', 'Arin Coggings', 'acoggings1v@hexun.com', '1974-06-14', 'M', '0');
INSERT INTO clients (client_id, name, email, birthdate, gender, active) VALUES ('72', 'Fin Pfaff', 'fpfaff1z@linkedin.com', '1993-01-26', 'M', '1');
INSERT INTO clients (client_id, name, email, birthdate, gender, active) VALUES ('74', 'Galvin Cundict', 'gcundict21@foxnews.com', '1974-01-29', 'M', '0');
INSERT INTO clients (client_id, name, email, birthdate, gender, active) VALUES ('76', 'Fabian Dyet', 'fdyet23@newsvine.com', '1993-10-22', 'M', '1');
INSERT INTO clients (client_id, name, email, birthdate, gender, active) VALUES ('77', 'Teodorico Longford', 'tlongford24@vkontakte.ru', '1978-03-17', 'M', '0');
INSERT INTO clients (client_id, name, email, birthdate, gender, active) VALUES ('78', 'Jeffy Larkworthy', 'jlarkworthy25@nymag.com', '1992-12-04', 'M', '1');
INSERT INTO clients (client_id, name, email, birthdate, gender, active) VALUES ('79', 'Virgilio McDowall', 'vmcdowall26@vimeo.com', '1998-02-07', 'M', '1');
INSERT INTO clients (client_id, name, email, birthdate, gender, active) VALUES ('81', 'Kennie Gallihaulk', 'kgallihaulk28@gravatar.com', '1998-03-26', 'M', '1');
INSERT INTO clients (client_id, name, email, birthdate, gender, active) VALUES ('83', 'Dore Taylor', 'dtaylor2a@printfriendly.com', '1972-04-15', 'M', '0');
INSERT INTO clients (client_id, name, email, birthdate, gender, active) VALUES ('86', 'Benoit Tchaikovsky', 'btchaikovsky2d@taobao.com', '1980-12-01', 'M', '0');
INSERT INTO clients (client_id, name, email, birthdate, gender, active) VALUES ('88', 'Vito Jenkins', 'vjenkins2f@usgs.gov', '1978-10-09', 'M', '0');
INSERT INTO clients (client_id, name, email, birthdate, gender, active) VALUES ('95', 'Delaney Noirel', 'dnoirel2m@weibo.com', '1982-03-12', 'M', '0');
INSERT INTO clients (client_id, name, email, birthdate, gender, active) VALUES ('98', 'Andonis Willard', 'awillard2p@weibo.com', '1999-05-02', 'M', '0');
INSERT INTO clients (client_id, name, email, birthdate, gender, active) VALUES ('99', 'Jerrie Reichhardt', 'jreichhardt2q@arizona.edu', '1998-12-19', 'M', '1');
INSERT INTO clients (client_id, name, email, birthdate, gender, active) VALUES ('100', 'Culver Alliberton', 'calliberton2r@deviantart.com', '1988-11-25', 'M', '1');
INSERT INTO clients (client_id, name, email, birthdate, gender, active) VALUES ('101', 'Keelby Janaszkiewicz', 'kjanaszkiewicz2s@unc.edu', '1973-06-02', 'M', '1');
INSERT INTO clients (client_id, name, email, birthdate, gender, active) VALUES ('102', 'Cyrill Oles', 'coles2t@ted.com', '1972-08-14', 'M', '0');
INSERT INTO clients (client_id, name, email, birthdate, gender, active) VALUES ('111', 'Luca Hawkeswood', 'lhawkeswood32@printfriendly.com', '1991-09-24', 'M', '0');
INSERT INTO clients (client_id, name, email, birthdate, gender, active) VALUES ('112', 'Sylas Stanett', 'sstanett33@yandex.ru', '1992-05-05', 'M', '0');
INSERT INTO clients (client_id, name, email, birthdate, gender, active) VALUES ('117', 'Ginger Pfiffer', 'gpfiffer38@storify.com', '1989-04-16', 'M', '1');
INSERT INTO clients (client_id, name, email, birthdate, gender, active) VALUES ('120', 'Justus Crebo', 'jcrebo3b@whitehouse.gov', '1997-10-18', 'M', '1');
INSERT INTO clients (client_id, name, email, birthdate, gender, active) VALUES ('124', 'Peadar Uvedale', 'puvedale3f@cpanel.net', '2000-06-18', 'M', '1');
INSERT INTO clients (client_id, name, email, birthdate, gender, active) VALUES ('127', 'Payton Goldsbury', 'pgoldsbury3i@psu.edu', '1990-09-11', 'M', '0');
INSERT INTO clients (client_id, name, email, birthdate, gender, active) VALUES ('128', 'Elias Drage', 'edrage3j@cloudflare.com', '1976-07-20', 'M', '0');
INSERT INTO clients (client_id, name, email, birthdate, gender, active) VALUES ('131', 'Dan Lowthian', 'dlowthian3m@fotki.com', '2002-04-13', 'M', '0');
INSERT INTO clients (client_id, name, email, birthdate, gender, active) VALUES ('134', 'Meredeth Hillaby', 'mhillaby3p@com.com', '1978-10-18', 'M', '0');
INSERT INTO clients (client_id, name, email, birthdate, gender, active) VALUES ('135', 'Humbert Kloser', 'hkloser3q@facebook.com', '1996-09-14', 'M', '0');
INSERT INTO clients (client_id, name, email, birthdate, gender, active) VALUES ('137', 'Sigismondo Bakey', 'sbakey3s@theglobeandmail.com', '1989-02-02', 'M', '0');
INSERT INTO clients (client_id, name, email, birthdate, gender, active) VALUES ('138', 'Sonnie Linskill', 'slinskill3t@mozilla.com', '1990-06-20', 'M', '1');
INSERT INTO clients (client_id, name, email, birthdate, gender, active) VALUES ('139', 'Ephrayim Sivier', 'esivier3u@china.com.cn', '1991-12-31', 'M', '0');
INSERT INTO clients (client_id, name, email, birthdate, gender, active) VALUES ('141', 'Baily Pinkerton', 'bpinkerton3w@barnesandnoble.com', '1978-06-28', 'M', '1');
INSERT INTO clients (client_id, name, email, birthdate, gender, active) VALUES ('147', 'Elroy Gilroy', 'egilroy42@vk.com', '1996-07-31', 'M', '1');
INSERT INTO clients (client_id, name, email, birthdate, gender, active) VALUES ('151', 'Elliot Howley', 'ehowley46@bizjournals.com', '1990-10-02', 'M', '1');
INSERT INTO clients (client_id, name, email, birthdate, gender, active) VALUES ('153', 'Branden O Meara', 'bo48@msn.com', '1984-01-17', 'M', '0');
INSERT INTO clients (client_id, name, email, birthdate, gender, active) VALUES ('154', 'Maximilian Clendennen', 'mclendennen49@accuweather.com', '1984-12-25', 'M', '0');
INSERT INTO clients (client_id, name, email, birthdate, gender, active) VALUES ('157', 'Ced Alennikov', 'calennikov4c@wiley.com', '1976-12-17', 'M', '1');
INSERT INTO clients (client_id, name, email, birthdate, gender, active) VALUES ('158', 'Warden Surcomb', 'wsurcomb4d@google.co.uk', '1995-09-14', 'M', '0');
INSERT INTO clients (client_id, name, email, birthdate, gender, active) VALUES ('162', 'Branden Brazier', 'bbrazier4h@webmd.com', '1992-04-11', 'M', '1');
INSERT INTO clients (client_id, name, email, birthdate, gender, active) VALUES ('164', 'Kerwin Harmour', 'kharmour4j@ebay.com', '1985-12-21', 'M', '0');
INSERT INTO clients (client_id, name, email, birthdate, gender, active) VALUES ('165', 'Bjorn Scarce', 'bscarce4k@angelfire.com', '1978-10-02', 'M', '1');
INSERT INTO clients (client_id, name, email, birthdate, gender, active) VALUES ('168', 'Cosimo Nyland', 'cnyland4n@delicious.com', '1982-02-02', 'M', '1');
INSERT INTO clients (client_id, name, email, birthdate, gender, active) VALUES ('170', 'Aldon Paeckmeyer', 'apaeckmeyer4p@wunderground.com', '1993-04-12', 'M', '0');
INSERT INTO clients (client_id, name, email, birthdate, gender, active) VALUES ('174', 'Bogart Derges', 'bderges4t@reddit.com', '2000-11-19', 'M', '1');
INSERT INTO clients (client_id, name, email, birthdate, gender, active) VALUES ('177', 'Nikolas Crinkley', 'ncrinkley4w@blinklist.com', '1973-01-25', 'M', '0');
INSERT INTO clients (client_id, name, email, birthdate, gender, active) VALUES ('178', 'Daryle MacGorman', 'dmacgorman4x@mail.ru', '1992-12-05', 'M', '0');
INSERT INTO clients (client_id, name, email, birthdate, gender, active) VALUES ('181', 'Warner Blackbourn', 'wblackbourn50@typepad.com', '1974-10-11', 'M', '0');
INSERT INTO clients (client_id, name, email, birthdate, gender, active) VALUES ('184', 'Gerrard Mathers', 'gmathers53@mapy.cz', '1988-10-15', 'M', '1');
INSERT INTO clients (client_id, name, email, birthdate, gender, active) VALUES ('185', 'Tan Shakeshaft', 'tshakeshaft54@eventbrite.com', '1985-12-14', 'M', '0');
INSERT INTO clients (client_id, name, email, birthdate, gender, active) VALUES ('189', 'Abdel De Francisci', 'ade58@gravatar.com', '1998-09-13', 'M', '0');
INSERT INTO clients (client_id, name, email, birthdate, gender, active) VALUES ('190', 'Irwinn McEvay', 'imcevay59@globo.com', '1979-09-28', 'M', '0');
INSERT INTO clients (client_id, name, email, birthdate, gender, active) VALUES ('194', 'Cassie Purvess', 'cpurvess5d@nifty.com', '1999-01-03', 'M', '1');
INSERT INTO clients (client_id, name, email, birthdate, gender, active) VALUES ('195', 'Edgar Scollan', 'escollan5e@amazonaws.com', '1988-03-23', 'M', '1');
INSERT INTO clients (client_id, name, email, birthdate, gender, active) VALUES ('197', 'Reuben Spencock', 'rspencock5g@wisc.edu', '2000-07-28', 'M', '1');
INSERT INTO clients (client_id, name, email, birthdate, gender, active) VALUES ('198', 'Raynard Townsley', 'rtownsley5h@fema.gov', '1985-02-07', 'M', '0');
INSERT INTO clients (client_id, name, email, birthdate, gender, active) VALUES ('199', 'Noak Shone', 'nshone5i@cyberchimps.com', '2002-12-19', 'M', '1');
INSERT INTO clients (client_id, name, email, birthdate, gender, active) VALUES ('200', 'Abel Grossman', 'agrossman5j@a8.net', '1992-12-03', 'M', '1');
INSERT INTO clients (client_id, name, email, birthdate, gender, active) VALUES ('201', 'Colet Challen', 'cchallen5k@paypal.com', '1979-01-27', 'M', '1');
INSERT INTO clients (client_id, name, email, birthdate, gender, active) VALUES ('203', 'Boy Furby', 'bfurby5m@sciencedaily.com', '1987-12-13', 'M', '0');
INSERT INTO clients (client_id, name, email, birthdate, gender, active) VALUES ('205', 'Cassius Spurgin', 'cspurgin5o@toplist.cz', '1972-03-12', 'M', '1');
INSERT INTO clients (client_id, name, email, birthdate, gender, active) VALUES ('207', 'Jamil Sermin', 'jsermin5q@sphinn.com', '1976-12-23', 'M', '1');
INSERT INTO clients (client_id, name, email, birthdate, gender, active) VALUES ('208', 'Goober Newiss', 'gnewiss5r@va.gov', '1971-12-02', 'M', '0');
INSERT INTO clients (client_id, name, email, birthdate, gender, active) VALUES ('209', 'Ambrosio Kroin', 'akroin5s@foxnews.com', '1978-12-23', 'M', '0');
INSERT INTO clients (client_id, name, email, birthdate, gender, active) VALUES ('212', 'Haroun Alway', 'halway5v@google.nl', '1987-03-30', 'M', '0');
INSERT INTO clients (client_id, name, email, birthdate, gender, active) VALUES ('213', 'Billie Purdon', 'bpurdon5w@cocolog-nifty.com', '1985-08-25', 'M', '1');
INSERT INTO clients (client_id, name, email, birthdate, gender, active) VALUES ('216', 'Hamil Cobbald', 'hcobbald5z@lycos.com', '1982-06-08', 'M', '1');
INSERT INTO clients (client_id, name, email, birthdate, gender, active) VALUES ('221', 'Paxon Fowlestone', 'pfowlestone64@tinypic.com', '1999-01-23', 'M', '1');
INSERT INTO clients (client_id, name, email, birthdate, gender, active) VALUES ('222', 'Pietrek Shackleford', 'pshackleford65@amazon.com', '1987-02-18', 'M', '1');
INSERT INTO clients (client_id, name, email, birthdate, gender, active) VALUES ('223', 'Hyman Moro', 'hmoro66@irs.gov', '1990-02-14', 'M', '0');
INSERT INTO clients (client_id, name, email, birthdate, gender, active) VALUES ('227', 'Dilly Atte-Stone', 'dattestone6a@chron.com', '1992-01-07', 'M', '1');
INSERT INTO clients (client_id, name, email, birthdate, gender, active) VALUES ('230', 'Inglis Ashley', 'iashley6d@sbwire.com', '1983-10-03', 'M', '0');
INSERT INTO clients (client_id, name, email, birthdate, gender, active) VALUES ('231', 'Marcel Tappin', 'mtappin6e@va.gov', '1980-11-17', 'M', '0');
INSERT INTO clients (client_id, name, email, birthdate, gender, active) VALUES ('232', 'Aleksandr Aronstam', 'aaronstam6f@va.gov', '1971-08-27', 'M', '0');
INSERT INTO clients (client_id, name, email, birthdate, gender, active) VALUES ('234', 'Had Biever', 'hbiever6h@shutterfly.com', '1970-12-25', 'M', '0');
INSERT INTO clients (client_id, name, email, birthdate, gender, active) VALUES ('235', 'Lowell Burney', 'lburney6i@chronoengine.com', '2002-02-07', 'M', '1');
INSERT INTO clients (client_id, name, email, birthdate, gender, active) VALUES ('236', 'Nick Loosely', 'nloosely6j@weibo.com', '1990-09-09', 'M', '0');
INSERT INTO clients (client_id, name, email, birthdate, gender, active) VALUES ('237', 'Ward Dorgon', 'wdorgon6k@illinois.edu', '1992-03-24', 'M', '0');
INSERT INTO clients (client_id, name, email, birthdate, gender, active) VALUES ('239', 'Shae Drache', 'sdrache6m@google.com', '1997-07-16', 'M', '1');
INSERT INTO clients (client_id, name, email, birthdate, gender, active) VALUES ('241', 'Egan Leversuch', 'eleversuch6o@fc2.com', '1978-08-17', 'M', '0');
INSERT INTO clients (client_id, name, email, birthdate, gender, active) VALUES ('243', 'Curt Sherar', 'csherar6q@topsy.com', '1994-05-26', 'M', '1');
INSERT INTO clients (client_id, name, email, birthdate, gender, active) VALUES ('245', 'Al Ghidetti', 'aghidetti6s@woothemes.com', '1987-06-03', 'M', '1');
INSERT INTO clients (client_id, name, email, birthdate, gender, active) VALUES ('246', 'Skipper Ragat', 'sragat6t@ameblo.jp', '1987-06-21', 'M', '0');
INSERT INTO clients (client_id, name, email, birthdate, gender, active) VALUES ('248', 'Danie Hymer', 'dhymer6v@flavors.me', '1994-12-10', 'M', '0');
INSERT INTO clients (client_id, name, email, birthdate, gender, active) VALUES ('254', 'Gerhard Schach', 'gschach71@google.cn', '1985-03-20', 'M', '1');
INSERT INTO clients (client_id, name, email, birthdate, gender, active) VALUES ('255', 'Russell Simkins', 'rsimkins72@sakura.ne.jp', '1989-01-31', 'M', '1');
INSERT INTO clients (client_id, name, email, birthdate, gender, active) VALUES ('256', 'Milton Zanneli', 'mzanneli73@skyrock.com', '1990-10-25', 'M', '1');
INSERT INTO clients (client_id, name, email, birthdate, gender, active) VALUES ('258', 'Giustino Puzey', 'gpuzey75@plala.or.jp', '2002-01-28', 'M', '1');
INSERT INTO clients (client_id, name, email, birthdate, gender, active) VALUES ('260', 'Emanuele Cuzen', 'ecuzen77@about.me', '2002-02-02', 'M', '1');
INSERT INTO clients (client_id, name, email, birthdate, gender, active) VALUES ('265', 'Jarad Crippell', 'jcrippell7c@tamu.edu', '1991-12-14', 'M', '0');
INSERT INTO clients (client_id, name, email, birthdate, gender, active) VALUES ('266', 'Stillmann Spreckley', 'sspreckley7d@elpais.com', '1975-04-07', 'M', '1');
INSERT INTO clients (client_id, name, email, birthdate, gender, active) VALUES ('268', 'Costa Siebart', 'csiebart7f@desdev.cn', '1971-07-31', 'M', '1');
INSERT INTO clients (client_id, name, email, birthdate, gender, active) VALUES ('269', 'Syd Jeanesson', 'sjeanesson7g@theglobeandmail.com', '2001-10-13', 'M', '1');
INSERT INTO clients (client_id, name, email, birthdate, gender, active) VALUES ('273', 'Ruttger Saffran', 'rsaffran7k@histats.com', '1983-04-15', 'M', '0');
INSERT INTO clients (client_id, name, email, birthdate, gender, active) VALUES ('277', 'Dale Farnall', 'dfarnall7o@infoseek.co.jp', '1996-12-01', 'M', '1');
INSERT INTO clients (client_id, name, email, birthdate, gender, active) VALUES ('280', 'Yves Cowden', 'ycowden7r@google.ru', '1991-04-23', 'M', '1');
INSERT INTO clients (client_id, name, email, birthdate, gender, active) VALUES ('281', 'Torr Lotze', 'tlotze7s@google.com', '1975-08-23', 'M', '1');
INSERT INTO clients (client_id, name, email, birthdate, gender, active) VALUES ('283', 'Dallas Eringey', 'deringey7u@ycombinator.com', '1986-07-13', 'M', '1');
INSERT INTO clients (client_id, name, email, birthdate, gender, active) VALUES ('286', 'Alexei Dobbie', 'adobbie7x@wikispaces.com', '2000-12-29', 'M', '0');
INSERT INTO clients (client_id, name, email, birthdate, gender, active) VALUES ('287', 'Chrotoem Dombrell', 'cdombrell7y@is.gd', '2002-06-20', 'M', '0');
INSERT INTO clients (client_id, name, email, birthdate, gender, active) VALUES ('294', 'Alasdair Atyeo', 'aatyeo85@slideshare.net', '1999-03-19', 'M', '1');
INSERT INTO clients (client_id, name, email, birthdate, gender, active) VALUES ('297', 'Brannon Tanby', 'btanby88@fema.gov', '1997-06-21', 'M', '0');
INSERT INTO clients (client_id, name, email, birthdate, gender, active) VALUES ('298', 'Lukas Germaine', 'lgermaine89@slideshare.net', '1980-07-29', 'M', '1');
INSERT INTO clients (client_id, name, email, birthdate, gender, active) VALUES ('300', 'Jesus Allitt', 'jallitt8b@sun.com', '1994-11-23', 'M', '0');
INSERT INTO clients (client_id, name, email, birthdate, gender, active) VALUES ('302', 'Lek Mityashin', 'lmityashin8d@buzzfeed.com', '1980-08-15', 'M', '1');
INSERT INTO clients (client_id, name, email, birthdate, gender, active) VALUES ('303', 'Sigismond Hemstead', 'shemstead8e@npr.org', '1970-06-27', 'M', '1');
INSERT INTO clients (client_id, name, email, birthdate, gender, active) VALUES ('306', 'Orville Seeviour', 'oseeviour8h@ted.com', '1990-06-14', 'M', '1');
INSERT INTO clients (client_id, name, email, birthdate, gender, active) VALUES ('309', 'Garek Shelton', 'gshelton8k@multiply.com', '1979-09-03', 'M', '0');
INSERT INTO clients (client_id, name, email, birthdate, gender, active) VALUES ('313', 'Virgie Luxton', 'vluxton8o@microsoft.com', '1981-11-07', 'M', '1');
INSERT INTO clients (client_id, name, email, birthdate, gender, active) VALUES ('316', 'Bailie Laurenzi', 'blaurenzi8r@imgur.com', '1977-02-10', 'M', '1');
INSERT INTO clients (client_id, name, email, birthdate, gender, active) VALUES ('318', 'Nevile Dadson', 'ndadson8t@symantec.com', '1976-06-11', 'M', '0');
INSERT INTO clients (client_id, name, email, birthdate, gender, active) VALUES ('319', 'Filberte Yashaev', 'fyashaev8u@howstuffworks.com', '1980-01-12', 'M', '0');
INSERT INTO clients (client_id, name, email, birthdate, gender, active) VALUES ('320', 'Julie Paolo', 'jpaolo8v@usa.gov', '1994-06-02', 'M', '0');
INSERT INTO clients (client_id, name, email, birthdate, gender, active) VALUES ('321', 'Rodolphe Aspole', 'raspole8w@utexas.edu', '1985-03-19', 'M', '0');
INSERT INTO clients (client_id, name, email, birthdate, gender, active) VALUES ('322', 'Jerald Fesby', 'jfesby8x@earthlink.net', '1989-07-09', 'M', '1');
INSERT INTO clients (client_id, name, email, birthdate, gender, active) VALUES ('323', 'Roderigo Longworthy', 'rlongworthy8y@blog.com', '1994-04-22', 'M', '0');
INSERT INTO clients (client_id, name, email, birthdate, gender, active) VALUES ('324', 'Godwin Zecchi', 'gzecchi8z@trellian.com', '1980-10-06', 'M', '1');
INSERT INTO clients (client_id, name, email, birthdate, gender, active) VALUES ('325', 'Talbot Obert', 'tobert90@google.it', '1982-04-25', 'M', '0');
INSERT INTO clients (client_id, name, email, birthdate, gender, active) VALUES ('327', 'Thaine Maudett', 'tmaudett92@state.tx.us', '1981-04-03', 'M', '1');
INSERT INTO clients (client_id, name, email, birthdate, gender, active) VALUES ('328', 'Branden Roast', 'broast93@bandcamp.com', '1989-02-24', 'M', '0');
INSERT INTO clients (client_id, name, email, birthdate, gender, active) VALUES ('330', 'Gaile Blackburne', 'gblackburne95@tripadvisor.com', '1991-10-22', 'M', '0');
INSERT INTO clients (client_id, name, email, birthdate, gender, active) VALUES ('335', 'Corbett Tomlett', 'ctomlett9a@amazon.co.uk', '1993-03-09', 'M', '1');
INSERT INTO clients (client_id, name, email, birthdate, gender, active) VALUES ('336', 'Jodie Kordovani', 'jkordovani9b@sogou.com', '1981-09-01', 'M', '1');
INSERT INTO clients (client_id, name, email, birthdate, gender, active) VALUES ('342', 'Matthew Hans', 'mhans9h@spiegel.de', '1997-03-04', 'M', '0');
INSERT INTO clients (client_id, name, email, birthdate, gender, active) VALUES ('343', 'Rube Best', 'rbest9i@pbs.org', '1998-01-12', 'M', '1');
INSERT INTO clients (client_id, name, email, birthdate, gender, active) VALUES ('346', 'Mel Batham', 'mbatham9l@tripadvisor.com', '1991-06-23', 'M', '0');
INSERT INTO clients (client_id, name, email, birthdate, gender, active) VALUES ('347', 'Niki Toppin', 'ntoppin9m@npr.org', '1989-12-23', 'M', '0');
INSERT INTO clients (client_id, name, email, birthdate, gender, active) VALUES ('350', 'Hailey Lestor', 'hlestor9p@webnode.com', '1996-08-15', 'M', '1');
INSERT INTO clients (client_id, name, email, birthdate, gender, active) VALUES ('351', 'Hugues Calderhead', 'hcalderhead9q@goo.gl', '1972-03-07', 'M', '0');
INSERT INTO clients (client_id, name, email, birthdate, gender, active) VALUES ('355', 'Moss Gatus', 'mgatus9u@usgs.gov', '2000-02-19', 'M', '1');
INSERT INTO clients (client_id, name, email, birthdate, gender, active) VALUES ('358', 'Quincy Ginman', 'qginman9x@bluehost.com', '1977-11-05', 'M', '1');
INSERT INTO clients (client_id, name, email, birthdate, gender, active) VALUES ('364', 'Sheffy Caraher', 'scarahera3@vinaora.com', '1981-11-22', 'M', '1');
INSERT INTO clients (client_id, name, email, birthdate, gender, active) VALUES ('366', 'Gordy Hallgate', 'ghallgatea5@simplemachines.org', '1974-12-17', 'M', '0');
INSERT INTO clients (client_id, name, email, birthdate, gender, active) VALUES ('372', 'Ingamar Minker', 'iminkerab@wikipedia.org', '1999-09-23', 'M', '0');
INSERT INTO clients (client_id, name, email, birthdate, gender, active) VALUES ('373', 'Linus Thieme', 'lthiemeac@si.edu', '1978-02-07', 'M', '0');
INSERT INTO clients (client_id, name, email, birthdate, gender, active) VALUES ('375', 'Ulrick Steinhammer', 'usteinhammerae@tiny.cc', '1976-07-08', 'M', '0');
INSERT INTO clients (client_id, name, email, birthdate, gender, active) VALUES ('376', 'Huntington Neumann', 'hneumannaf@cocolog-nifty.com', '1994-03-22', 'M', '1');
INSERT INTO clients (client_id, name, email, birthdate, gender, active) VALUES ('379', 'Theodor Tetla', 'ttetlaai@csmonitor.com', '1993-09-21', 'M', '1');
INSERT INTO clients (client_id, name, email, birthdate, gender, active) VALUES ('381', 'Merle Pickhaver', 'mpickhaverak@cpanel.net', '1991-11-01', 'M', '1');
INSERT INTO clients (client_id, name, email, birthdate, gender, active) VALUES ('383', 'Terrence Joust', 'tjoustam@mlb.com', '1983-07-13', 'M', '1');
INSERT INTO clients (client_id, name, email, birthdate, gender, active) VALUES ('384', 'Stephanus Hubberstey', 'shubbersteyan@dmoz.org', '1977-01-16', 'M', '1');
INSERT INTO clients (client_id, name, email, birthdate, gender, active) VALUES ('385', 'Boyd Summerill', 'bsummerillao@4shared.com', '1990-02-15', 'M', '0');
INSERT INTO clients (client_id, name, email, birthdate, gender, active) VALUES ('386', 'Fabian Smedmoor', 'fsmedmoorap@sogou.com', '2002-01-23', 'M', '1');
INSERT INTO clients (client_id, name, email, birthdate, gender, active) VALUES ('387', 'Benedict Tappin', 'btappinaq@nytimes.com', '1979-03-22', 'M', '0');
INSERT INTO clients (client_id, name, email, birthdate, gender, active) VALUES ('391', 'Glen Cane', 'gcaneau@alexa.com', '1976-04-23', 'M', '0');
INSERT INTO clients (client_id, name, email, birthdate, gender, active) VALUES ('394', 'Ailbert Beamand', 'abeamandax@drupal.org', '1988-02-26', 'M', '1');
INSERT INTO clients (client_id, name, email, birthdate, gender, active) VALUES ('396', 'Alf Milella', 'amilellaaz@telegraph.co.uk', '2000-01-27', 'M', '1');
INSERT INTO clients (client_id, name, email, birthdate, gender, active) VALUES ('397', 'Abrahan Carik', 'acarikb0@toplist.cz', '1987-08-26', 'M', '1');
INSERT INTO clients (client_id, name, email, birthdate, gender, active) VALUES ('402', 'Paddy Simonnet', 'psimonnetb5@wunderground.com', '1999-08-28', 'M', '1');
INSERT INTO clients (client_id, name, email, birthdate, gender, active) VALUES ('403', 'Kellby Olczyk', 'kolczykb6@t.co', '2000-11-10', 'M', '1');
INSERT INTO clients (client_id, name, email, birthdate, gender, active) VALUES ('404', 'Josh Harlett', 'jharlettb7@ftc.gov', '1970-09-23', 'M', '1');
INSERT INTO clients (client_id, name, email, birthdate, gender, active) VALUES ('405', 'Bryon Arkill', 'barkillb8@imdb.com', '2002-08-04', 'M', '0');
INSERT INTO clients (client_id, name, email, birthdate, gender, active) VALUES ('406', 'Dennie Giovani', 'dgiovanib9@drupal.org', '1987-12-28', 'M', '1');
INSERT INTO clients (client_id, name, email, birthdate, gender, active) VALUES ('412', 'Abeu Raff', 'araffbf@google.nl', '1983-06-29', 'M', '0');
INSERT INTO clients (client_id, name, email, birthdate, gender, active) VALUES ('414', 'Christoper Canlin', 'ccanlinbh@slashdot.org', '1979-08-03', 'M', '1');
INSERT INTO clients (client_id, name, email, birthdate, gender, active) VALUES ('417', 'Yuri Brennen', 'ybrennenbk@phoca.cz', '1991-03-09', 'M', '1');
INSERT INTO clients (client_id, name, email, birthdate, gender, active) VALUES ('418', 'Morse Robb', 'mrobbbl@walmart.com', '1975-04-09', 'M', '0');
INSERT INTO clients (client_id, name, email, birthdate, gender, active) VALUES ('420', 'Bryan Tiler', 'btilerbn@discovery.com', '1995-01-10', 'M', '0');
INSERT INTO clients (client_id, name, email, birthdate, gender, active) VALUES ('422', 'Clayton Brewerton', 'cbrewertonbp@home.pl', '1974-06-01', 'M', '0');
INSERT INTO clients (client_id, name, email, birthdate, gender, active) VALUES ('425', 'Giffard Matonin', 'gmatoninbs@tripadvisor.com', '1979-05-25', 'M', '1');
INSERT INTO clients (client_id, name, email, birthdate, gender, active) VALUES ('427', 'Alden Leggitt', 'aleggittbu@themeforest.net', '1984-06-13', 'M', '0');
INSERT INTO clients (client_id, name, email, birthdate, gender, active) VALUES ('430', 'Ody Wims', 'owimsbx@bbb.org', '1992-11-26', 'M', '1');
INSERT INTO clients (client_id, name, email, birthdate, gender, active) VALUES ('432', 'Skip Sloley', 'ssloleybz@tinyurl.com', '2002-02-18', 'M', '0');
INSERT INTO clients (client_id, name, email, birthdate, gender, active) VALUES ('433', 'Davy Beatens', 'dbeatensc0@sun.com', '2002-10-01', 'M', '0');
INSERT INTO clients (client_id, name, email, birthdate, gender, active) VALUES ('435', 'Gonzalo McGreal', 'gmcgrealc2@flickr.com', '1993-04-16', 'M', '1');
INSERT INTO clients (client_id, name, email, birthdate, gender, active) VALUES ('437', 'Roderick Edmunds', 'redmundsc4@scribd.com', '2001-12-27', 'M', '0');
INSERT INTO clients (client_id, name, email, birthdate, gender, active) VALUES ('439', 'Tobit Kaveney', 'tkaveneyc6@gov.uk', '1973-02-06', 'M', '0');
INSERT INTO clients (client_id, name, email, birthdate, gender, active) VALUES ('443', 'Aurthur Russ', 'arussca@imageshack.us', '1985-11-04', 'M', '1');
INSERT INTO clients (client_id, name, email, birthdate, gender, active) VALUES ('444', 'Desmond Parminter', 'dparmintercb@fema.gov', '1991-05-24', 'M', '0');
INSERT INTO clients (client_id, name, email, birthdate, gender, active) VALUES ('447', 'Barry Constanza', 'bconstanzace@facebook.com', '1992-11-28', 'M', '0');
INSERT INTO clients (client_id, name, email, birthdate, gender, active) VALUES ('449', 'Abbie Dackombe', 'adackombecg@ox.ac.uk', '1976-08-27', 'M', '1');
INSERT INTO clients (client_id, name, email, birthdate, gender, active) VALUES ('451', 'Levy OLough100', 'lolough100ci@fotki.com', '1987-08-12', 'M', '1');
INSERT INTO clients (client_id, name, email, birthdate, gender, active) VALUES ('456', 'Raoul Koeppke', 'rkoeppkecn@yellowbook.com', '1998-07-06', 'M', '1');
INSERT INTO clients (client_id, name, email, birthdate, gender, active) VALUES ('457', 'Barde Dalliston', 'bdallistonco@bravesites.com', '1971-12-26', 'M', '0');
INSERT INTO clients (client_id, name, email, birthdate, gender, active) VALUES ('462', 'Isaiah Barford', 'ibarfordct@craigslist.org', '1996-10-17', 'M', '0');
INSERT INTO clients (client_id, name, email, birthdate, gender, active) VALUES ('463', 'Alejoa Yewen', 'ayewencu@instagram.com', '1981-04-04', 'M', '1');
INSERT INTO clients (client_id, name, email, birthdate, gender, active) VALUES ('465', 'Kermie Trunkfield', 'ktrunkfieldcw@msu.edu', '1970-01-09', 'M', '1');
INSERT INTO clients (client_id, name, email, birthdate, gender, active) VALUES ('466', 'Frankie Dupree', 'fdupreecx@surveymonkey.com', '1998-05-03', 'M', '1');
INSERT INTO clients (client_id, name, email, birthdate, gender, active) VALUES ('468', 'Dolph Garley', 'dgarleycz@i2i.jp', '1997-03-19', 'M', '1');
INSERT INTO clients (client_id, name, email, birthdate, gender, active) VALUES ('471', 'Arturo Attoc', 'aattocd2@tinypic.com', '1984-10-16', 'M', '0');
INSERT INTO clients (client_id, name, email, birthdate, gender, active) VALUES ('473', 'Hollis Klasen', 'hklasend4@bluehost.com', '1998-10-15', 'M', '1');
INSERT INTO clients (client_id, name, email, birthdate, gender, active) VALUES ('474', 'Lance Castletine', 'lcastletined5@webs.com', '1982-06-03', 'M', '1');
INSERT INTO clients (client_id, name, email, birthdate, gender, active) VALUES ('475', 'Bentley Beaver', 'bbeaverd6@moonfruit.com', '1973-02-03', 'M', '0');
INSERT INTO clients (client_id, name, email, birthdate, gender, active) VALUES ('477', 'Christophe Gullam', 'cgullamd8@gmpg.org', '1998-12-21', 'M', '0');
INSERT INTO clients (client_id, name, email, birthdate, gender, active) VALUES ('481', 'Lydon Ellit', 'lellitdc@qq.com', '1977-04-15', 'M', '1');
INSERT INTO clients (client_id, name, email, birthdate, gender, active) VALUES ('482', 'Bertram Jewar', 'bjewardd@cdc.gov', '1986-01-01', 'M', '1');
INSERT INTO clients (client_id, name, email, birthdate, gender, active) VALUES ('486', 'Hamish Dudmesh', 'hdudmeshdh@friendfeed.com', '2002-08-26', 'M', '1');
INSERT INTO clients (client_id, name, email, birthdate, gender, active) VALUES ('488', 'Emmy Lissandrini', 'elissandrinidj@nhs.uk', '1999-03-19', 'M', '0');
INSERT INTO clients (client_id, name, email, birthdate, gender, active) VALUES ('492', 'Eldridge Stode', 'estodedn@webs.com', '1978-07-04', 'M', '1');
INSERT INTO clients (client_id, name, email, birthdate, gender, active) VALUES ('493', 'Her100do Ricardo', 'hricardodo@diigo.com', '1988-12-01', 'M', '1');
INSERT INTO clients (client_id, name, email, birthdate, gender, active) VALUES ('23', 'Kay Galliver', 'kgalliverm@lycos.com', '1991-02-19', 'ND', '0');
INSERT INTO clients (client_id, name, email, birthdate, gender, active) VALUES ('87', 'Deane Raybould', 'draybould2e@lulu.com', '1977-01-06', 'ND', '0');
INSERT INTO clients (client_id, name, email, birthdate, gender, active) VALUES ('229', 'Nealy Daunay', 'ndaunay6c@deliciousdays.com', '2001-03-09', 'ND', '0');
INSERT INTO clients (client_id, name, email, birthdate, gender, active) VALUES ('240', 'Elle Slingsby', 'eslingsby6n@ted.com', '1979-10-28', 'ND', '1');
INSERT INTO clients (client_id, name, email, birthdate, gender, active) VALUES ('247', 'Hillard Edelston', 'hedelston6u@pcworld.com', '1986-06-08', 'ND', '0');
INSERT INTO clients (client_id, name, email, birthdate, gender, active) VALUES ('284', 'Alanah Wartonby', 'awartonby7v@pagesperso-orange.fr', '2002-03-29', 'ND', '0');
INSERT INTO clients (client_id, name, email, birthdate, gender, active) VALUES ('363', 'Druci Holdey', 'dholdeya2@zdnet.com', '1988-08-25', 'ND', '0');
INSERT INTO clients (client_id, name, email, birthdate, gender, active) VALUES ('410', 'Reynolds Koene', 'rkoenebd@homestead.com', '1996-07-08', 'ND', '1');
INSERT INTO clients (client_id, name, email, birthdate, gender, active) VALUES ('423', 'Dorine Diver', 'ddiverbq@barnesandnoble.com', '1974-06-06', 'ND', '0');
INSERT INTO clients (client_id, name, email, birthdate, gender, active) VALUES ('460', 'Anni Galley', 'agalleycr@free.fr', '1990-05-14', 'ND', '0');
INSERT INTO clients (client_id, name, email, birthdate, gender, active) VALUES ('57', 'Prudy Norheny', 'pnorheny1k@csmonitor.com', '1976-12-28', 'ND', '1');
INSERT INTO clients (client_id, name, email, birthdate, gender, active) VALUES ('146', 'Godard Stanett', 'gstanett41@tamu.edu', '1993-12-20', 'ND', '0');
INSERT INTO clients (client_id, name, email, birthdate, gender, active) VALUES ('172', 'Otha Bushe', 'obushe4r@marriott.com', '1972-07-22', 'ND', '1');
INSERT INTO clients (client_id, name, email, birthdate, gender, active) VALUES ('175', 'Amos McIlwrath', 'amcilwrath4u@rambler.ru', '1993-02-04', 'ND', '0');
INSERT INTO clients (client_id, name, email, birthdate, gender, active) VALUES ('238', 'Revkah Spurrier', 'rspurrier6l@free.fr', '1996-04-04', 'ND', '0');
INSERT INTO clients (client_id, name, email, birthdate, gender, active) VALUES ('337', 'Starla Stansbury', 'sstansbury9c@1und1.de', '1970-07-28', 'ND', '1');
INSERT INTO clients (client_id, name, email, birthdate, gender, active) VALUES ('380', 'Ignacio Pitkins', 'ipitkinsaj@msu.edu', '1995-04-09', 'ND', '0');
INSERT INTO clients (client_id, name, email, birthdate, gender, active) VALUES ('409', 'Thadeus Nesfield', 'tnesfieldbc@mtv.com', '1997-10-30', 'ND', '1');
INSERT INTO clients (client_id, name, email, birthdate, gender, active) VALUES ('415', 'Helen Medmore', 'hmedmorebi@spiegel.de', '1996-01-28', 'ND', '0');
INSERT INTO clients (client_id, name, email, birthdate, gender, active) VALUES ('426', 'Roda Curds', 'rcurdsbt@cloudflare.com', '1988-10-14', 'ND', '1');
INSERT INTO clients (client_id, name, email, birthdate, gender, active) VALUES ('429', 'Korrie Krishtopaittis', 'kkrishtopaittisbw@msu.edu', '2002-06-21', 'ND', '0');
INSERT INTO clients (client_id, name, email, birthdate, gender, active) VALUES ('67', 'Skipp Cheverell', 'scheverell1u@fda.gov', '2001-01-27', 'ND', '0');
INSERT INTO clients (client_id, name, email, birthdate, gender, active) VALUES ('251', 'Sim Sycamore', 'ssycamore6y@lulu.com', '1983-06-12', 'ND', '0');
INSERT INTO clients (client_id, name, email, birthdate, gender, active) VALUES ('339', 'Kasper Golding', 'kgolding9e@mozilla.com', '2000-01-21', 'ND', '1');
INSERT INTO clients (client_id, name, email, birthdate, gender, active) VALUES ('454', 'Lacy Ormston', 'lormstoncl@mashable.com', '1991-03-20', 'ND', '0');
INSERT INTO clients (client_id, name, email, birthdate, gender, active) VALUES ('96', 'Madella Gemmill', 'mgemmill2n@mapy.cz', '1981-10-17', 'ND', '0');
INSERT INTO clients (client_id, name, email, birthdate, gender, active) VALUES ('125', 'Jock Giacopello', 'jgiacopello3g@virginia.edu', '1999-06-05', 'ND', '0');
INSERT INTO clients (client_id, name, email, birthdate, gender, active) VALUES ('136', 'Cos Freyne', 'cfreyne3r@about.me', '1973-04-02', 'ND', '0');
INSERT INTO clients (client_id, name, email, birthdate, gender, active) VALUES ('160', 'Stacee Featherstonhalgh', 'sfeatherstonhalgh4f@hugedomains.com', '1980-01-15', 'ND', '0');
INSERT INTO clients (client_id, name, email, birthdate, gender, active) VALUES ('176', 'Farica Rayne', 'frayne4v@uiuc.edu', '2000-06-26', 'ND', '0');
INSERT INTO clients (client_id, name, email, birthdate, gender, active) VALUES ('182', 'Stanly Strotton', 'sstrotton51@dmoz.org', '1997-12-10', 'ND', '0');
INSERT INTO clients (client_id, name, email, birthdate, gender, active) VALUES ('215', 'Dino Wheatland', 'dwheatland5y@samsung.com', '2001-08-18', 'ND', '1');
INSERT INTO clients (client_id, name, email, birthdate, gender, active) VALUES ('217', 'Jenn Cornforth', 'jcornforth60@ebay.com', '1981-06-16', 'ND', '0');
INSERT INTO clients (client_id, name, email, birthdate, gender, active) VALUES ('271', 'Svend Ludovico', 'sludovico7i@joomla.org', '1991-01-12', 'ND', '0');
INSERT INTO clients (client_id, name, email, birthdate, gender, active) VALUES ('341', 'Teddie Sive', 'tsive9g@symantec.com', '1996-01-09', 'ND', '0');
INSERT INTO clients (client_id, name, email, birthdate, gender, active) VALUES ('436', 'Fair Beetham', 'fbeethamc3@mozilla.com', '1977-07-22', 'ND', '1');
INSERT INTO clients (client_id, name, email, birthdate, gender, active) VALUES ('65', 'Blakelee Beeres', 'bbeeres1s@1und1.de', '1991-06-28', 'ND', '1');
INSERT INTO clients (client_id, name, email, birthdate, gender, active) VALUES ('233', 'Dianna Valentetti', 'dvalentetti6g@tmall.com', '1971-10-05', 'ND', '1');
INSERT INTO clients (client_id, name, email, birthdate, gender, active) VALUES ('291', 'Dehlia Rugieri', 'drugieri82@prlog.org', '1986-03-25', 'ND', '0');
INSERT INTO clients (client_id, name, email, birthdate, gender, active) VALUES ('293', 'Dania Gleeton', 'dgleeton84@epa.gov', '1995-01-14', 'ND', '0');
INSERT INTO clients (client_id, name, email, birthdate, gender, active) VALUES ('331', 'Yule Kinnar', 'ykinnar96@wikimedia.org', '1996-01-01', 'ND', '0');
INSERT INTO clients (client_id, name, email, birthdate, gender, active) VALUES ('421', 'Douglas Greenmon', 'dgreenmonbo@usgs.gov', '1982-01-08', 'ND', '0');
INSERT INTO clients (client_id, name, email, birthdate, gender, active) VALUES ('478', 'Glen Galtone', 'ggaltoned9@mtv.com', '1977-08-23', 'ND', '1');
INSERT INTO clients (client_id, name, email, birthdate, gender, active) VALUES ('500', 'Kylie Pickston', 'kpickstondv@squarespace.com', '1976-12-11', 'ND', '0');
INSERT INTO clients (client_id, name, email, birthdate, gender, active) VALUES ('18', 'Jolynn Lynn', 'jlynnh@barnesandnoble.com', '1986-10-23', 'ND', '0');
INSERT INTO clients (client_id, name, email, birthdate, gender, active) VALUES ('169', 'Glennis Checcucci', 'gcheccucci4o@goodreads.com', '2002-11-06', 'ND', '1');
INSERT INTO clients (client_id, name, email, birthdate, gender, active) VALUES ('171', 'Bengt Goodredge', 'bgoodredge4q@creativecommons.org', '1998-08-30', 'ND', '1');
INSERT INTO clients (client_id, name, email, birthdate, gender, active) VALUES ('187', 'Natale Henrie', 'nhenrie56@php.net', '1970-01-26', 'ND', '0');
INSERT INTO clients (client_id, name, email, birthdate, gender, active) VALUES ('340', 'Rasia Velde', 'rvelde9f@ed.gov', '1974-10-21', 'ND', '1');
INSERT INTO clients (client_id, name, email, birthdate, gender, active) VALUES ('352', 'Ezmeralda Balchen', 'ebalchen9r@storify.com', '1973-08-24', 'ND', '0');
INSERT INTO clients (client_id, name, email, birthdate, gender, active) VALUES ('353', 'Tandy Lainge', 'tlainge9s@moonfruit.com', '1999-12-23', 'ND', '0');
INSERT INTO clients (client_id, name, email, birthdate, gender, active) VALUES ('398', 'Alvinia Suttaby', 'asuttabyb1@ow.ly', '1986-11-04', 'ND', '1');
INSERT INTO clients (client_id, name, email, birthdate, gender, active) VALUES ('416', 'Kendell Cliffe', 'kcliffebj@networkadvertising.org', '1973-12-25', 'ND', '0');
INSERT INTO clients (client_id, name, email, birthdate, gender, active) VALUES ('489', 'Rem Andreassen', 'randreassendk@accuweather.com', '1986-08-29', 'ND', '1');

DELETE FROM books WHERE book_id IN (100, 245, 135, 178, 129);

UPDATE books set author_id = NULL where book_id IN (40,50,60);

UPDATE authors SET nationality=Null WHERE author_id IN(85,9);

INSERT INTO operations (operation_id, book_id, client_id, created_at, `type`, finished) VALUES ('1', '147', '304', '2015-08-04', 'L', '0');
INSERT INTO operations (operation_id, book_id, client_id, created_at, `type`, finished) VALUES ('2', '229', '394', '2015-10-09', 'R', '1');
INSERT INTO operations (operation_id, book_id, client_id, created_at, `type`, finished) VALUES ('3', '147', '173', '2016-01-18', 'L', '0');
INSERT INTO operations (operation_id, book_id, client_id, created_at, `type`, finished) VALUES ('4', '10', '415', '2016-11-17', 'R', '1');
INSERT INTO operations (operation_id, book_id, client_id, created_at, `type`, finished) VALUES ('5', '110', '106', '2015-02-25', 'L', '0');
INSERT INTO operations (operation_id, book_id, client_id, created_at, `type`, finished) VALUES ('6', '52', '176', '2016-05-13', 'L', '0');
INSERT INTO operations (operation_id, book_id, client_id, created_at, `type`, finished) VALUES ('7', '87', '118', '2016-02-07', 'R', '1');
INSERT INTO operations (operation_id, book_id, client_id, created_at, `type`, finished) VALUES ('8', '195', '20', '2015-04-03', 'R', '1');
INSERT INTO operations (operation_id, book_id, client_id, created_at, `type`, finished) VALUES ('9', '250', '86', '2015-09-26', 'L', '0');
INSERT INTO operations (operation_id, book_id, client_id, created_at, `type`, finished) VALUES ('10', '151', '78', '2016-12-02', 'R', '1');
INSERT INTO operations (operation_id, book_id, client_id, created_at, `type`, finished) VALUES ('11', '57', '129', '2016-05-17', 'L', '0');
INSERT INTO operations (operation_id, book_id, client_id, created_at, `type`, finished) VALUES ('12', '28', '137', '2016-05-16', 'L', '0');
INSERT INTO operations (operation_id, book_id, client_id, created_at, `type`, finished) VALUES ('13', '124', '6', '2015-04-24', 'R', '1');
INSERT INTO operations (operation_id, book_id, client_id, created_at, `type`, finished) VALUES ('14', '116', '61', '2016-02-28', 'R', '1');
INSERT INTO operations (operation_id, book_id, client_id, created_at, `type`, finished) VALUES ('15', '241', '351', '2016-05-11', 'R', '1');
INSERT INTO operations (operation_id, book_id, client_id, created_at, `type`, finished) VALUES ('16', '285', '31', '2016-04-07', 'R', '1');
INSERT INTO operations (operation_id, book_id, client_id, created_at, `type`, finished) VALUES ('17', '201', '489', '2016-05-21', 'R', '1');
INSERT INTO operations (operation_id, book_id, client_id, created_at, `type`, finished) VALUES ('18', '187', '48', '2015-05-03', 'R', '1');
INSERT INTO operations (operation_id, book_id, client_id, created_at, `type`, finished) VALUES ('19', '214', '212', '2016-05-06', 'S', '1');
INSERT INTO operations (operation_id, book_id, client_id, created_at, `type`, finished) VALUES ('20', '6', '454', '2015-08-06', 'R', '1');
INSERT INTO operations (operation_id, book_id, client_id, created_at, `type`, finished) VALUES ('21', '280', '176', '2016-10-18', 'S', '1');
INSERT INTO operations (operation_id, book_id, client_id, created_at, `type`, finished) VALUES ('22', '1', '339', '2015-11-03', 'L', '0');
INSERT INTO operations (operation_id, book_id, client_id, created_at, `type`, finished) VALUES ('23', '126', '223', '2016-01-14', 'R', '1');
INSERT INTO operations (operation_id, book_id, client_id, created_at, `type`, finished) VALUES ('24', '74', '168', '2015-08-02', 'S', '1');
INSERT INTO operations (operation_id, book_id, client_id, created_at, `type`, finished) VALUES ('25', '64', '9', '2016-10-17', 'S', '1');
INSERT INTO operations (operation_id, book_id, client_id, created_at, `type`, finished) VALUES ('26', '176', '391', '2016-04-19', 'R', '1');
INSERT INTO operations (operation_id, book_id, client_id, created_at, `type`, finished) VALUES ('27', '206', '19', '2016-11-23', 'S', '1');
INSERT INTO operations (operation_id, book_id, client_id, created_at, `type`, finished) VALUES ('28', '281', '74', '2016-12-12', 'R', '1');
INSERT INTO operations (operation_id, book_id, client_id, created_at, `type`, finished) VALUES ('29', '107', '499', '2016-06-27', 'L', '0');
INSERT INTO operations (operation_id, book_id, client_id, created_at, `type`, finished) VALUES ('30', '36', '450', '2015-12-02', 'S', '1');
INSERT INTO operations (operation_id, book_id, client_id, created_at, `type`, finished) VALUES ('31', '92', '304', '2015-04-23', 'R', '1');
INSERT INTO operations (operation_id, book_id, client_id, created_at, `type`, finished) VALUES ('32', '214', '252', '2016-09-06', 'L', '0');
INSERT INTO operations (operation_id, book_id, client_id, created_at, `type`, finished) VALUES ('33', '57', '331', '2015-09-07', 'R', '1');
INSERT INTO operations (operation_id, book_id, client_id, created_at, `type`, finished) VALUES ('34', '184', '91', '2015-06-30', 'R', '1');
INSERT INTO operations (operation_id, book_id, client_id, created_at, `type`, finished) VALUES ('35', '207', '358', '2015-08-14', 'R', '1');
INSERT INTO operations (operation_id, book_id, client_id, created_at, `type`, finished) VALUES ('36', '70', '184', '2015-05-10', 'R', '1');
INSERT INTO operations (operation_id, book_id, client_id, created_at, `type`, finished) VALUES ('37', '97', '263', '2016-09-12', 'L', '0');
INSERT INTO operations (operation_id, book_id, client_id, created_at, `type`, finished) VALUES ('38', '39', '61', '2015-03-19', 'R', '1');
INSERT INTO operations (operation_id, book_id, client_id, created_at, `type`, finished) VALUES ('39', '73', '335', '2015-02-14', 'S', '1');
INSERT INTO operations (operation_id, book_id, client_id, created_at, `type`, finished) VALUES ('40', '77', '158', '2016-09-09', 'L', '0');
INSERT INTO operations (operation_id, book_id, client_id, created_at, `type`, finished) VALUES ('41', '239', '273', '2015-05-11', 'R', '1');
INSERT INTO operations (operation_id, book_id, client_id, created_at, `type`, finished) VALUES ('42', '29', '63', '2016-02-10', 'S', '1');
INSERT INTO operations (operation_id, book_id, client_id, created_at, `type`, finished) VALUES ('43', '167', '366', '2015-04-11', 'L', '0');
INSERT INTO operations (operation_id, book_id, client_id, created_at, `type`, finished) VALUES ('44', '267', '111', '2016-03-13', 'L', '0');
INSERT INTO operations (operation_id, book_id, client_id, created_at, `type`, finished) VALUES ('45', '249', '320', '2016-10-31', 'L', '0');
INSERT INTO operations (operation_id, book_id, client_id, created_at, `type`, finished) VALUES ('46', '65', '31', '2016-10-04', 'L', '0');
INSERT INTO operations (operation_id, book_id, client_id, created_at, `type`, finished) VALUES ('47', '18', '272', '2015-05-15', 'S', '1');
INSERT INTO operations (operation_id, book_id, client_id, created_at, `type`, finished) VALUES ('48', '135', '286', '2015-09-15', 'L', '0');
INSERT INTO operations (operation_id, book_id, client_id, created_at, `type`, finished) VALUES ('49', '49', '51', '2015-03-19', 'S', '1');
INSERT INTO operations (operation_id, book_id, client_id, created_at, `type`, finished) VALUES ('50', '233', '11', '2015-10-06', 'R', '1');
INSERT INTO operations (operation_id, book_id, client_id, created_at, `type`, finished) VALUES ('51', '8', '482', '2016-06-19', 'S', '1');
INSERT INTO operations (operation_id, book_id, client_id, created_at, `type`, finished) VALUES ('52', '40', '123', '2015-05-21', 'R', '1');
INSERT INTO operations (operation_id, book_id, client_id, created_at, `type`, finished) VALUES ('53', '225', '425', '2016-04-03', 'S', '1');
INSERT INTO operations (operation_id, book_id, client_id, created_at, `type`, finished) VALUES ('54', '293', '14', '2015-11-04', 'R', '1');
INSERT INTO operations (operation_id, book_id, client_id, created_at, `type`, finished) VALUES ('55', '218', '23', '2015-02-24', 'L', '0');
INSERT INTO operations (operation_id, book_id, client_id, created_at, `type`, finished) VALUES ('56', '177', '61', '2016-02-12', 'R', '1');
INSERT INTO operations (operation_id, book_id, client_id, created_at, `type`, finished) VALUES ('57', '94', '347', '2015-05-21', 'L', '0');
INSERT INTO operations (operation_id, book_id, client_id, created_at, `type`, finished) VALUES ('58', '108', '356', '2015-12-09', 'R', '1');
INSERT INTO operations (operation_id, book_id, client_id, created_at, `type`, finished) VALUES ('59', '228', '41', '2015-05-17', 'R', '1');
INSERT INTO operations (operation_id, book_id, client_id, created_at, `type`, finished) VALUES ('60', '46', '165', '2015-06-27', 'L', '0');
INSERT INTO operations (operation_id, book_id, client_id, created_at, `type`, finished) VALUES ('61', '269', '191', '2016-02-22', 'L', '0');
INSERT INTO operations (operation_id, book_id, client_id, created_at, `type`, finished) VALUES ('62', '122', '428', '2015-04-28', 'L', '0');
INSERT INTO operations (operation_id, book_id, client_id, created_at, `type`, finished) VALUES ('63', '282', '101', '2015-01-13', 'R', '1');
INSERT INTO operations (operation_id, book_id, client_id, created_at, `type`, finished) VALUES ('64', '104', '343', '2016-09-29', 'L', '0');
INSERT INTO operations (operation_id, book_id, client_id, created_at, `type`, finished) VALUES ('65', '184', '207', '2015-12-13', 'S', '1');
INSERT INTO operations (operation_id, book_id, client_id, created_at, `type`, finished) VALUES ('66', '39', '30', '2016-11-16', 'S', '1');
INSERT INTO operations (operation_id, book_id, client_id, created_at, `type`, finished) VALUES ('67', '170', '346', '2016-06-09', 'S', '1');
INSERT INTO operations (operation_id, book_id, client_id, created_at, `type`, finished) VALUES ('68', '178', '427', '2015-09-14', 'S', '1');
INSERT INTO operations (operation_id, book_id, client_id, created_at, `type`, finished) VALUES ('69', '152', '138', '2015-02-23', 'L', '0');
INSERT INTO operations (operation_id, book_id, client_id, created_at, `type`, finished) VALUES ('70', '110', '226', '2015-07-04', 'R', '1');
INSERT INTO operations (operation_id, book_id, client_id, created_at, `type`, finished) VALUES ('71', '73', '389', '2016-10-17', 'L', '0');
INSERT INTO operations (operation_id, book_id, client_id, created_at, `type`, finished) VALUES ('72', '36', '303', '2015-08-30', 'L', '0');
INSERT INTO operations (operation_id, book_id, client_id, created_at, `type`, finished) VALUES ('73', '50', '325', '2016-10-16', 'R', '1');
INSERT INTO operations (operation_id, book_id, client_id, created_at, `type`, finished) VALUES ('74', '195', '296', '2016-09-16', 'S', '1');
INSERT INTO operations (operation_id, book_id, client_id, created_at, `type`, finished) VALUES ('75', '268', '259', '2016-08-19', 'L', '0');
INSERT INTO operations (operation_id, book_id, client_id, created_at, `type`, finished) VALUES ('76', '185', '85', '2015-02-07', 'L', '0');
INSERT INTO operations (operation_id, book_id, client_id, created_at, `type`, finished) VALUES ('77', '183', '323', '2015-10-05', 'S', '1');
INSERT INTO operations (operation_id, book_id, client_id, created_at, `type`, finished) VALUES ('78', '282', '443', '2016-06-15', 'S', '1');
INSERT INTO operations (operation_id, book_id, client_id, created_at, `type`, finished) VALUES ('79', '78', '100', '2015-04-28', 'R', '1');
INSERT INTO operations (operation_id, book_id, client_id, created_at, `type`, finished) VALUES ('80', '214', '75', '2016-09-11', 'S', '1');
INSERT INTO operations (operation_id, book_id, client_id, created_at, `type`, finished) VALUES ('81', '139', '313', '2015-04-12', 'S', '1');
INSERT INTO operations (operation_id, book_id, client_id, created_at, `type`, finished) VALUES ('82', '248', '364', '2016-03-02', 'L', '0');
INSERT INTO operations (operation_id, book_id, client_id, created_at, `type`, finished) VALUES ('83', '163', '27', '2016-04-08', 'S', '1');
INSERT INTO operations (operation_id, book_id, client_id, created_at, `type`, finished) VALUES ('84', '7', '241', '2015-12-15', 'S', '1');
INSERT INTO operations (operation_id, book_id, client_id, created_at, `type`, finished) VALUES ('85', '59', '132', '2016-08-11', 'S', '1');
INSERT INTO operations (operation_id, book_id, client_id, created_at, `type`, finished) VALUES ('86', '35', '357', '2016-06-10', 'S', '1');
INSERT INTO operations (operation_id, book_id, client_id, created_at, `type`, finished) VALUES ('87', '13', '199', '2016-09-12', 'R', '1');
INSERT INTO operations (operation_id, book_id, client_id, created_at, `type`, finished) VALUES ('88', '203', '283', '2015-09-13', 'L', '0');
INSERT INTO operations (operation_id, book_id, client_id, created_at, `type`, finished) VALUES ('89', '281', '148', '2015-02-09', 'L', '0');
INSERT INTO operations (operation_id, book_id, client_id, created_at, `type`, finished) VALUES ('90', '41', '23', '2015-01-28', 'S', '1');
INSERT INTO operations (operation_id, book_id, client_id, created_at, `type`, finished) VALUES ('91', '44', '315', '2016-08-10', 'R', '1');
INSERT INTO operations (operation_id, book_id, client_id, created_at, `type`, finished) VALUES ('92', '63', '34', '2016-02-23', 'S', '1');
INSERT INTO operations (operation_id, book_id, client_id, created_at, `type`, finished) VALUES ('93', '209', '247', '2015-01-30', 'L', '0');
INSERT INTO operations (operation_id, book_id, client_id, created_at, `type`, finished) VALUES ('94', '145', '109', '2016-08-11', 'S', '1');
INSERT INTO operations (operation_id, book_id, client_id, created_at, `type`, finished) VALUES ('95', '99', '168', '2015-09-18', 'S', '1');
INSERT INTO operations (operation_id, book_id, client_id, created_at, `type`, finished) VALUES ('96', '101', '365', '2016-02-15', 'S', '1');
INSERT INTO operations (operation_id, book_id, client_id, created_at, `type`, finished) VALUES ('97', '158', '178', '2016-09-27', 'R', '1');
INSERT INTO operations (operation_id, book_id, client_id, created_at, `type`, finished) VALUES ('98', '202', '250', '2016-03-06', 'S', '1');
INSERT INTO operations (operation_id, book_id, client_id, created_at, `type`, finished) VALUES ('99', '259', '203', '2016-03-27', 'L', '0');
INSERT INTO operations (operation_id, book_id, client_id, created_at, `type`, finished) VALUES ('100', '195', '351', '2016-12-19', 'S', '1');
INSERT INTO operations (operation_id, book_id, client_id, created_at, `type`, finished) VALUES ('101', '40', '42', '2015-11-27', 'L', '0');
INSERT INTO operations (operation_id, book_id, client_id, created_at, `type`, finished) VALUES ('102', '218', '458', '2015-09-16', 'R', '1');
INSERT INTO operations (operation_id, book_id, client_id, created_at, `type`, finished) VALUES ('103', '278', '474', '2016-01-01', 'R', '1');
INSERT INTO operations (operation_id, book_id, client_id, created_at, `type`, finished) VALUES ('104', '20', '234', '2015-04-08', 'L', '0');
INSERT INTO operations (operation_id, book_id, client_id, created_at, `type`, finished) VALUES ('105', '61', '395', '2016-12-05', 'S', '1');
INSERT INTO operations (operation_id, book_id, client_id, created_at, `type`, finished) VALUES ('106', '169', '5', '2016-05-23', 'R', '1');
INSERT INTO operations (operation_id, book_id, client_id, created_at, `type`, finished) VALUES ('107', '248', '376', '2016-10-09', 'R', '1');
INSERT INTO operations (operation_id, book_id, client_id, created_at, `type`, finished) VALUES ('108', '164', '387', '2016-03-12', 'R', '1');
INSERT INTO operations (operation_id, book_id, client_id, created_at, `type`, finished) VALUES ('109', '183', '419', '2016-05-22', 'R', '1');
INSERT INTO operations (operation_id, book_id, client_id, created_at, `type`, finished) VALUES ('110', '141', '348', '2016-08-02', 'S', '1');
INSERT INTO operations (operation_id, book_id, client_id, created_at, `type`, finished) VALUES ('111', '109', '116', '2015-06-27', 'R', '1');
INSERT INTO operations (operation_id, book_id, client_id, created_at, `type`, finished) VALUES ('112', '33', '91', '2015-07-08', 'L', '0');
INSERT INTO operations (operation_id, book_id, client_id, created_at, `type`, finished) VALUES ('113', '137', '49', '2016-03-28', 'S', '1');
INSERT INTO operations (operation_id, book_id, client_id, created_at, `type`, finished) VALUES ('114', '140', '124', '2016-12-11', 'R', '1');
INSERT INTO operations (operation_id, book_id, client_id, created_at, `type`, finished) VALUES ('115', '98', '102', '2016-03-23', 'S', '1');
INSERT INTO operations (operation_id, book_id, client_id, created_at, `type`, finished) VALUES ('116', '78', '363', '2015-04-02', 'S', '1');
INSERT INTO operations (operation_id, book_id, client_id, created_at, `type`, finished) VALUES ('117', '267', '388', '2016-08-11', 'L', '0');
INSERT INTO operations (operation_id, book_id, client_id, created_at, `type`, finished) VALUES ('118', '113', '62', '2016-10-03', 'S', '1');
INSERT INTO operations (operation_id, book_id, client_id, created_at, `type`, finished) VALUES ('119', '237', '168', '2015-11-28', 'R', '1');
INSERT INTO operations (operation_id, book_id, client_id, created_at, `type`, finished) VALUES ('120', '290', '326', '2016-04-15', 'R', '1');
INSERT INTO operations (operation_id, book_id, client_id, created_at, `type`, finished) VALUES ('121', '177', '321', '2015-03-31', 'R', '1');
INSERT INTO operations (operation_id, book_id, client_id, created_at, `type`, finished) VALUES ('122', '245', '232', '2016-04-24', 'L', '0');
INSERT INTO operations (operation_id, book_id, client_id, created_at, `type`, finished) VALUES ('123', '205', '36', '2015-06-26', 'S', '1');
INSERT INTO operations (operation_id, book_id, client_id, created_at, `type`, finished) VALUES ('124', '254', '252', '2015-03-22', 'L', '0');
INSERT INTO operations (operation_id, book_id, client_id, created_at, `type`, finished) VALUES ('125', '243', '499', '2015-07-08', 'R', '1');
INSERT INTO operations (operation_id, book_id, client_id, created_at, `type`, finished) VALUES ('126', '25', '328', '2016-12-03', 'R', '1');
INSERT INTO operations (operation_id, book_id, client_id, created_at, `type`, finished) VALUES ('127', '31', '38', '2015-06-24', 'R', '1');
INSERT INTO operations (operation_id, book_id, client_id, created_at, `type`, finished) VALUES ('128', '132', '268', '2016-03-22', 'S', '1');
INSERT INTO operations (operation_id, book_id, client_id, created_at, `type`, finished) VALUES ('129', '267', '29', '2016-12-10', 'S', '1');
INSERT INTO operations (operation_id, book_id, client_id, created_at, `type`, finished) VALUES ('130', '43', '178', '2016-05-06', 'S', '1');
INSERT INTO operations (operation_id, book_id, client_id, created_at, `type`, finished) VALUES ('131', '51', '364', '2015-11-25', 'R', '1');
INSERT INTO operations (operation_id, book_id, client_id, created_at, `type`, finished) VALUES ('132', '203', '466', '2016-01-29', 'R', '1');
INSERT INTO operations (operation_id, book_id, client_id, created_at, `type`, finished) VALUES ('133', '166', '31', '2016-03-12', 'L', '0');
INSERT INTO operations (operation_id, book_id, client_id, created_at, `type`, finished) VALUES ('134', '212', '151', '2016-09-13', 'S', '1');
INSERT INTO operations (operation_id, book_id, client_id, created_at, `type`, finished) VALUES ('135', '287', '458', '2015-10-26', 'R', '1');
INSERT INTO operations (operation_id, book_id, client_id, created_at, `type`, finished) VALUES ('136', '223', '50', '2015-03-12', 'L', '0');
INSERT INTO operations (operation_id, book_id, client_id, created_at, `type`, finished) VALUES ('137', '55', '192', '2015-03-03', 'S', '1');
INSERT INTO operations (operation_id, book_id, client_id, created_at, `type`, finished) VALUES ('138', '65', '240', '2016-01-08', 'R', '1');
INSERT INTO operations (operation_id, book_id, client_id, created_at, `type`, finished) VALUES ('139', '267', '316', '2016-10-07', 'S', '1');
INSERT INTO operations (operation_id, book_id, client_id, created_at, `type`, finished) VALUES ('140', '72', '443', '2015-02-23', 'S', '1');
INSERT INTO operations (operation_id, book_id, client_id, created_at, `type`, finished) VALUES ('141', '132', '419', '2015-12-19', 'L', '0');
INSERT INTO operations (operation_id, book_id, client_id, created_at, `type`, finished) VALUES ('142', '241', '24', '2015-05-08', 'S', '1');
INSERT INTO operations (operation_id, book_id, client_id, created_at, `type`, finished) VALUES ('143', '208', '426', '2016-10-07', 'S', '1');
INSERT INTO operations (operation_id, book_id, client_id, created_at, `type`, finished) VALUES ('144', '83', '417', '2015-06-18', 'L', '0');
INSERT INTO operations (operation_id, book_id, client_id, created_at, `type`, finished) VALUES ('145', '52', '148', '2015-03-06', 'R', '1');
INSERT INTO operations (operation_id, book_id, client_id, created_at, `type`, finished) VALUES ('146', '170', '467', '2015-03-01', 'R', '1');
INSERT INTO operations (operation_id, book_id, client_id, created_at, `type`, finished) VALUES ('147', '146', '269', '2015-05-16', 'R', '1');
INSERT INTO operations (operation_id, book_id, client_id, created_at, `type`, finished) VALUES ('148', '50', '194', '2016-10-25', 'R', '1');
INSERT INTO operations (operation_id, book_id, client_id, created_at, `type`, finished) VALUES ('149', '130', '430', '2015-01-07', 'L', '0');
INSERT INTO operations (operation_id, book_id, client_id, created_at, `type`, finished) VALUES ('150', '151', '100', '2015-06-05', 'S', '1');
INSERT INTO operations (operation_id, book_id, client_id, created_at, `type`, finished) VALUES ('151', '23', '246', '2016-02-28', 'S', '1');
INSERT INTO operations (operation_id, book_id, client_id, created_at, `type`, finished) VALUES ('152', '131', '205', '2015-10-22', 'R', '1');
INSERT INTO operations (operation_id, book_id, client_id, created_at, `type`, finished) VALUES ('153', '176', '337', '2015-08-22', 'S', '1');
INSERT INTO operations (operation_id, book_id, client_id, created_at, `type`, finished) VALUES ('154', '103', '312', '2016-10-23', 'S', '1');
INSERT INTO operations (operation_id, book_id, client_id, created_at, `type`, finished) VALUES ('155', '276', '445', '2015-11-08', 'L', '0');
INSERT INTO operations (operation_id, book_id, client_id, created_at, `type`, finished) VALUES ('156', '157', '266', '2016-07-01', 'S', '1');
INSERT INTO operations (operation_id, book_id, client_id, created_at, `type`, finished) VALUES ('157', '199', '102', '2016-05-06', 'S', '1');
INSERT INTO operations (operation_id, book_id, client_id, created_at, `type`, finished) VALUES ('158', '147', '461', '2016-01-25', 'S', '1');
INSERT INTO operations (operation_id, book_id, client_id, created_at, `type`, finished) VALUES ('159', '273', '498', '2016-03-13', 'S', '1');
INSERT INTO operations (operation_id, book_id, client_id, created_at, `type`, finished) VALUES ('160', '197', '86', '2015-12-28', 'S', '1');
INSERT INTO operations (operation_id, book_id, client_id, created_at, `type`, finished) VALUES ('161', '196', '391', '2016-10-26', 'S', '1');
INSERT INTO operations (operation_id, book_id, client_id, created_at, `type`, finished) VALUES ('162', '205', '100', '2015-05-19', 'L', '0');
INSERT INTO operations (operation_id, book_id, client_id, created_at, `type`, finished) VALUES ('163', '274', '18', '2015-02-27', 'R', '1');
INSERT INTO operations (operation_id, book_id, client_id, created_at, `type`, finished) VALUES ('164', '99', '136', '2016-07-21', 'S', '1');
INSERT INTO operations (operation_id, book_id, client_id, created_at, `type`, finished) VALUES ('165', '267', '96', '2016-12-22', 'S', '1');
INSERT INTO operations (operation_id, book_id, client_id, created_at, `type`, finished) VALUES ('166', '21', '292', '2015-07-26', 'R', '1');
INSERT INTO operations (operation_id, book_id, client_id, created_at, `type`, finished) VALUES ('167', '249', '362', '2015-02-10', 'L', '0');
INSERT INTO operations (operation_id, book_id, client_id, created_at, `type`, finished) VALUES ('168', '67', '431', '2016-01-31', 'R', '1');
INSERT INTO operations (operation_id, book_id, client_id, created_at, `type`, finished) VALUES ('169', '132', '107', '2015-03-10', 'R', '1');
INSERT INTO operations (operation_id, book_id, client_id, created_at, `type`, finished) VALUES ('170', '230', '177', '2015-12-23', 'R', '1');
INSERT INTO operations (operation_id, book_id, client_id, created_at, `type`, finished) VALUES ('171', '18', '380', '2015-01-06', 'R', '1');
INSERT INTO operations (operation_id, book_id, client_id, created_at, `type`, finished) VALUES ('172', '216', '186', '2016-04-02', 'L', '0');
INSERT INTO operations (operation_id, book_id, client_id, created_at, `type`, finished) VALUES ('173', '245', '405', '2015-04-23', 'R', '1');
INSERT INTO operations (operation_id, book_id, client_id, created_at, `type`, finished) VALUES ('174', '249', '387', '2016-09-18', 'R', '1');
INSERT INTO operations (operation_id, book_id, client_id, created_at, `type`, finished) VALUES ('175', '268', '199', '2015-01-26', 'L', '0');
INSERT INTO operations (operation_id, book_id, client_id, created_at, `type`, finished) VALUES ('176', '172', '408', '2016-08-31', 'L', '0');
INSERT INTO operations (operation_id, book_id, client_id, created_at, `type`, finished) VALUES ('177', '116', '366', '2016-06-07', 'R', '1');
INSERT INTO operations (operation_id, book_id, client_id, created_at, `type`, finished) VALUES ('178', '121', '348', '2015-07-03', 'S', '1');
INSERT INTO operations (operation_id, book_id, client_id, created_at, `type`, finished) VALUES ('179', '163', '412', '2016-12-21', 'S', '1');
INSERT INTO operations (operation_id, book_id, client_id, created_at, `type`, finished) VALUES ('180', '117', '4', '2016-10-16', 'L', '0');
INSERT INTO operations (operation_id, book_id, client_id, created_at, `type`, finished) VALUES ('181', '193', '305', '2015-05-23', 'S', '1');
INSERT INTO operations (operation_id, book_id, client_id, created_at, `type`, finished) VALUES ('182', '134', '69', '2015-07-12', 'S', '1');
INSERT INTO operations (operation_id, book_id, client_id, created_at, `type`, finished) VALUES ('183', '187', '78', '2015-05-23', 'S', '1');
INSERT INTO operations (operation_id, book_id, client_id, created_at, `type`, finished) VALUES ('184', '245', '27', '2015-12-12', 'L', '0');
INSERT INTO operations (operation_id, book_id, client_id, created_at, `type`, finished) VALUES ('185', '185', '231', '2016-11-16', 'L', '0');
INSERT INTO operations (operation_id, book_id, client_id, created_at, `type`, finished) VALUES ('186', '47', '307', '2016-04-15', 'R', '1');
INSERT INTO operations (operation_id, book_id, client_id, created_at, `type`, finished) VALUES ('187', '35', '238', '2016-09-22', 'R', '1');
INSERT INTO operations (operation_id, book_id, client_id, created_at, `type`, finished) VALUES ('188', '278', '67', '2015-09-15', 'R', '1');
INSERT INTO operations (operation_id, book_id, client_id, created_at, `type`, finished) VALUES ('189', '276', '164', '2016-03-17', 'R', '1');
INSERT INTO operations (operation_id, book_id, client_id, created_at, `type`, finished) VALUES ('190', '294', '277', '2015-10-07', 'R', '1');
INSERT INTO operations (operation_id, book_id, client_id, created_at, `type`, finished) VALUES ('191', '181', '418', '2015-06-23', 'S', '1');
INSERT INTO operations (operation_id, book_id, client_id, created_at, `type`, finished) VALUES ('192', '22', '186', '2016-02-17', 'L', '0');
INSERT INTO operations (operation_id, book_id, client_id, created_at, `type`, finished) VALUES ('193', '121', '23', '2015-12-04', 'L', '0');
INSERT INTO operations (operation_id, book_id, client_id, created_at, `type`, finished) VALUES ('194', '202', '117', '2016-07-10', 'L', '0');
INSERT INTO operations (operation_id, book_id, client_id, created_at, `type`, finished) VALUES ('195', '172', '39', '2016-10-21', 'R', '1');
INSERT INTO operations (operation_id, book_id, client_id, created_at, `type`, finished) VALUES ('196', '80', '90', '2016-07-22', 'L', '0');
INSERT INTO operations (operation_id, book_id, client_id, created_at, `type`, finished) VALUES ('197', '269', '100', '2016-06-11', 'S', '1');
INSERT INTO operations (operation_id, book_id, client_id, created_at, `type`, finished) VALUES ('198', '112', '34', '2015-10-14', 'S', '1');
INSERT INTO operations (operation_id, book_id, client_id, created_at, `type`, finished) VALUES ('199', '232', '152', '2016-07-07', 'R', '1');
INSERT INTO operations (operation_id, book_id, client_id, created_at, `type`, finished) VALUES ('200', '230', '253', '2015-03-30', 'R', '1');
INSERT INTO operations (operation_id, book_id, client_id, created_at, `type`, finished) VALUES ('201', '101', '153', '2015-07-18', 'S', '1');
INSERT INTO operations (operation_id, book_id, client_id, created_at, `type`, finished) VALUES ('202', '34', '151', '2015-01-11', 'R', '1');
INSERT INTO operations (operation_id, book_id, client_id, created_at, `type`, finished) VALUES ('203', '74', '110', '2015-05-25', 'R', '1');
INSERT INTO operations (operation_id, book_id, client_id, created_at, `type`, finished) VALUES ('204', '140', '97', '2015-02-17', 'R', '1');
INSERT INTO operations (operation_id, book_id, client_id, created_at, `type`, finished) VALUES ('205', '30', '213', '2016-07-13', 'L', '0');
INSERT INTO operations (operation_id, book_id, client_id, created_at, `type`, finished) VALUES ('206', '289', '162', '2016-10-09', 'L', '0');
INSERT INTO operations (operation_id, book_id, client_id, created_at, `type`, finished) VALUES ('207', '275', '419', '2016-03-13', 'L', '0');
INSERT INTO operations (operation_id, book_id, client_id, created_at, `type`, finished) VALUES ('208', '61', '284', '2015-11-25', 'R', '1');
INSERT INTO operations (operation_id, book_id, client_id, created_at, `type`, finished) VALUES ('209', '110', '458', '2016-08-11', 'R', '1');
INSERT INTO operations (operation_id, book_id, client_id, created_at, `type`, finished) VALUES ('210', '88', '107', '2015-06-25', 'S', '1');
INSERT INTO operations (operation_id, book_id, client_id, created_at, `type`, finished) VALUES ('211', '90', '439', '2015-07-28', 'L', '0');
INSERT INTO operations (operation_id, book_id, client_id, created_at, `type`, finished) VALUES ('212', '290', '418', '2016-12-07', 'S', '1');
INSERT INTO operations (operation_id, book_id, client_id, created_at, `type`, finished) VALUES ('213', '98', '297', '2016-08-25', 'S', '1');
INSERT INTO operations (operation_id, book_id, client_id, created_at, `type`, finished) VALUES ('214', '58', '214', '2015-03-28', 'L', '0');
INSERT INTO operations (operation_id, book_id, client_id, created_at, `type`, finished) VALUES ('215', '19', '100', '2015-05-17', 'S', '1');
INSERT INTO operations (operation_id, book_id, client_id, created_at, `type`, finished) VALUES ('216', '181', '483', '2016-06-08', 'L', '0');
INSERT INTO operations (operation_id, book_id, client_id, created_at, `type`, finished) VALUES ('217', '34', '308', '2015-04-09', 'S', '1');
INSERT INTO operations (operation_id, book_id, client_id, created_at, `type`, finished) VALUES ('218', '65', '89', '2016-03-13', 'S', '1');
INSERT INTO operations (operation_id, book_id, client_id, created_at, `type`, finished) VALUES ('219', '213', '92', '2015-05-01', 'R', '1');
INSERT INTO operations (operation_id, book_id, client_id, created_at, `type`, finished) VALUES ('220', '221', '265', '2015-04-30', 'S', '1');
INSERT INTO operations (operation_id, book_id, client_id, created_at, `type`, finished) VALUES ('221', '173', '14', '2015-11-25', 'R', '1');
INSERT INTO operations (operation_id, book_id, client_id, created_at, `type`, finished) VALUES ('222', '249', '12', '2016-10-27', 'L', '0');
INSERT INTO operations (operation_id, book_id, client_id, created_at, `type`, finished) VALUES ('223', '133', '139', '2016-02-21', 'L', '0');
INSERT INTO operations (operation_id, book_id, client_id, created_at, `type`, finished) VALUES ('224', '229', '154', '2016-02-14', 'L', '0');
INSERT INTO operations (operation_id, book_id, client_id, created_at, `type`, finished) VALUES ('225', '65', '483', '2015-07-26', 'R', '1');
INSERT INTO operations (operation_id, book_id, client_id, created_at, `type`, finished) VALUES ('226', '102', '166', '2016-08-29', 'L', '0');
INSERT INTO operations (operation_id, book_id, client_id, created_at, `type`, finished) VALUES ('227', '141', '298', '2015-01-26', 'S', '1');
INSERT INTO operations (operation_id, book_id, client_id, created_at, `type`, finished) VALUES ('228', '31', '216', '2016-12-16', 'L', '0');
INSERT INTO operations (operation_id, book_id, client_id, created_at, `type`, finished) VALUES ('229', '40', '100', '2016-09-23', 'L', '0');
INSERT INTO operations (operation_id, book_id, client_id, created_at, `type`, finished) VALUES ('230', '85', '494', '2016-09-12', 'R', '1');
INSERT INTO operations (operation_id, book_id, client_id, created_at, `type`, finished) VALUES ('231', '164', '100', '2015-12-03', 'R', '1');
INSERT INTO operations (operation_id, book_id, client_id, created_at, `type`, finished) VALUES ('232', '151', '254', '2015-01-29', 'L', '0');
INSERT INTO operations (operation_id, book_id, client_id, created_at, `type`, finished) VALUES ('233', '16', '368', '2016-12-09', 'S', '1');
INSERT INTO operations (operation_id, book_id, client_id, created_at, `type`, finished) VALUES ('234', '30', '220', '2015-07-29', 'S', '1');
INSERT INTO operations (operation_id, book_id, client_id, created_at, `type`, finished) VALUES ('235', '58', '184', '2015-04-26', 'R', '1');
INSERT INTO operations (operation_id, book_id, client_id, created_at, `type`, finished) VALUES ('236', '206', '316', '2016-07-23', 'S', '1');
INSERT INTO operations (operation_id, book_id, client_id, created_at, `type`, finished) VALUES ('237', '144', '219', '2015-09-04', 'R', '1');
INSERT INTO operations (operation_id, book_id, client_id, created_at, `type`, finished) VALUES ('238', '147', '330', '2016-10-26', 'S', '1');
INSERT INTO operations (operation_id, book_id, client_id, created_at, `type`, finished) VALUES ('239', '162', '114', '2015-03-14', 'R', '1');
INSERT INTO operations (operation_id, book_id, client_id, created_at, `type`, finished) VALUES ('240', '147', '225', '2015-02-20', 'R', '1');
INSERT INTO operations (operation_id, book_id, client_id, created_at, `type`, finished) VALUES ('241', '250', '336', '2016-02-13', 'L', '0');
INSERT INTO operations (operation_id, book_id, client_id, created_at, `type`, finished) VALUES ('242', '86', '409', '2016-09-04', 'S', '1');
INSERT INTO operations (operation_id, book_id, client_id, created_at, `type`, finished) VALUES ('243', '40', '255', '2016-04-25', 'R', '1');
INSERT INTO operations (operation_id, book_id, client_id, created_at, `type`, finished) VALUES ('244', '238', '78', '2016-10-09', 'L', '0');
INSERT INTO operations (operation_id, book_id, client_id, created_at, `type`, finished) VALUES ('245', '229', '41', '2015-02-09', 'L', '0');
INSERT INTO operations (operation_id, book_id, client_id, created_at, `type`, finished) VALUES ('246', '195', '193', '2016-10-23', 'R', '1');
INSERT INTO operations (operation_id, book_id, client_id, created_at, `type`, finished) VALUES ('247', '42', '496', '2016-12-01', 'L', '0');
INSERT INTO operations (operation_id, book_id, client_id, created_at, `type`, finished) VALUES ('248', '283', '488', '2016-06-02', 'R', '1');
INSERT INTO operations (operation_id, book_id, client_id, created_at, `type`, finished) VALUES ('249', '96', '453', '2016-02-27', 'S', '1');
INSERT INTO operations (operation_id, book_id, client_id, created_at, `type`, finished) VALUES ('250', '111', '88', '2016-09-13', 'L', '0');
INSERT INTO operations (operation_id, book_id, client_id, created_at, `type`, finished) VALUES ('251', '79', '477', '2016-02-08', 'S', '1');
INSERT INTO operations (operation_id, book_id, client_id, created_at, `type`, finished) VALUES ('252', '154', '463', '2016-10-31', 'S', '1');
INSERT INTO operations (operation_id, book_id, client_id, created_at, `type`, finished) VALUES ('253', '5', '493', '2016-02-18', 'R', '1');
INSERT INTO operations (operation_id, book_id, client_id, created_at, `type`, finished) VALUES ('254', '40', '395', '2016-01-22', 'L', '0');
INSERT INTO operations (operation_id, book_id, client_id, created_at, `type`, finished) VALUES ('255', '127', '404', '2015-10-04', 'R', '1');
INSERT INTO operations (operation_id, book_id, client_id, created_at, `type`, finished) VALUES ('256', '30', '493', '2016-12-28', 'R', '1');
INSERT INTO operations (operation_id, book_id, client_id, created_at, `type`, finished) VALUES ('257', '278', '478', '2015-09-01', 'L', '0');
INSERT INTO operations (operation_id, book_id, client_id, created_at, `type`, finished) VALUES ('258', '35', '272', '2015-08-13', 'L', '0');
INSERT INTO operations (operation_id, book_id, client_id, created_at, `type`, finished) VALUES ('259', '81', '199', '2015-06-01', 'S', '1');
INSERT INTO operations (operation_id, book_id, client_id, created_at, `type`, finished) VALUES ('260', '12', '407', '2015-06-01', 'S', '1');
INSERT INTO operations (operation_id, book_id, client_id, created_at, `type`, finished) VALUES ('261', '61', '157', '2016-03-21', 'L', '0');
INSERT INTO operations (operation_id, book_id, client_id, created_at, `type`, finished) VALUES ('262', '38', '366', '2016-01-20', 'L', '0');
INSERT INTO operations (operation_id, book_id, client_id, created_at, `type`, finished) VALUES ('263', '4', '203', '2016-05-12', 'L', '0');
INSERT INTO operations (operation_id, book_id, client_id, created_at, `type`, finished) VALUES ('264', '139', '365', '2015-03-26', 'R', '1');
INSERT INTO operations (operation_id, book_id, client_id, created_at, `type`, finished) VALUES ('265', '239', '307', '2015-11-03', 'S', '1');
INSERT INTO operations (operation_id, book_id, client_id, created_at, `type`, finished) VALUES ('266', '37', '494', '2016-02-29', 'S', '1');
INSERT INTO operations (operation_id, book_id, client_id, created_at, `type`, finished) VALUES ('267', '172', '244', '2016-05-04', 'R', '1');
INSERT INTO operations (operation_id, book_id, client_id, created_at, `type`, finished) VALUES ('268', '268', '225', '2016-12-14', 'R', '1');
INSERT INTO operations (operation_id, book_id, client_id, created_at, `type`, finished) VALUES ('269', '169', '260', '2016-11-05', 'R', '1');
INSERT INTO operations (operation_id, book_id, client_id, created_at, `type`, finished) VALUES ('270', '59', '9', '2016-04-14', 'L', '0');
INSERT INTO operations (operation_id, book_id, client_id, created_at, `type`, finished) VALUES ('271', '127', '474', '2016-09-22', 'R', '1');
INSERT INTO operations (operation_id, book_id, client_id, created_at, `type`, finished) VALUES ('272', '29', '323', '2015-10-18', 'S', '1');
INSERT INTO operations (operation_id, book_id, client_id, created_at, `type`, finished) VALUES ('273', '260', '446', '2016-01-31', 'S', '1');
INSERT INTO operations (operation_id, book_id, client_id, created_at, `type`, finished) VALUES ('274', '129', '489', '2015-06-11', 'R', '1');
INSERT INTO operations (operation_id, book_id, client_id, created_at, `type`, finished) VALUES ('275', '10', '279', '2016-04-21', 'R', '1');
INSERT INTO operations (operation_id, book_id, client_id, created_at, `type`, finished) VALUES ('276', '118', '291', '2015-08-30', 'R', '1');
INSERT INTO operations (operation_id, book_id, client_id, created_at, `type`, finished) VALUES ('277', '183', '146', '2015-04-23', 'R', '1');
INSERT INTO operations (operation_id, book_id, client_id, created_at, `type`, finished) VALUES ('278', '133', '287', '2015-12-26', 'R', '1');
INSERT INTO operations (operation_id, book_id, client_id, created_at, `type`, finished) VALUES ('279', '230', '2', '2016-06-24', 'L', '0');
INSERT INTO operations (operation_id, book_id, client_id, created_at, `type`, finished) VALUES ('280', '219', '439', '2015-07-25', 'L', '0');
INSERT INTO operations (operation_id, book_id, client_id, created_at, `type`, finished) VALUES ('281', '274', '342', '2015-01-08', 'S', '1');
INSERT INTO operations (operation_id, book_id, client_id, created_at, `type`, finished) VALUES ('282', '64', '164', '2015-11-25', 'R', '1');
INSERT INTO operations (operation_id, book_id, client_id, created_at, `type`, finished) VALUES ('283', '56', '270', '2016-05-11', 'S', '1');
INSERT INTO operations (operation_id, book_id, client_id, created_at, `type`, finished) VALUES ('284', '102', '70', '2016-08-23', 'L', '0');
INSERT INTO operations (operation_id, book_id, client_id, created_at, `type`, finished) VALUES ('285', '176', '177', '2015-07-04', 'L', '0');
INSERT INTO operations (operation_id, book_id, client_id, created_at, `type`, finished) VALUES ('286', '1', '488', '2015-05-15', 'L', '0');
INSERT INTO operations (operation_id, book_id, client_id, created_at, `type`, finished) VALUES ('287', '98', '346', '2015-01-19', 'S', '1');
INSERT INTO operations (operation_id, book_id, client_id, created_at, `type`, finished) VALUES ('288', '273', '264', '2015-03-08', 'R', '1');
INSERT INTO operations (operation_id, book_id, client_id, created_at, `type`, finished) VALUES ('289', '1', '41', '2015-05-05', 'L', '0');
INSERT INTO operations (operation_id, book_id, client_id, created_at, `type`, finished) VALUES ('290', '261', '366', '2015-06-04', 'S', '1');
INSERT INTO operations (operation_id, book_id, client_id, created_at, `type`, finished) VALUES ('291', '11', '27', '2016-12-07', 'L', '0');
INSERT INTO operations (operation_id, book_id, client_id, created_at, `type`, finished) VALUES ('292', '28', '104', '2015-01-01', 'L', '0');
INSERT INTO operations (operation_id, book_id, client_id, created_at, `type`, finished) VALUES ('293', '131', '152', '2016-02-27', 'S', '1');
INSERT INTO operations (operation_id, book_id, client_id, created_at, `type`, finished) VALUES ('294', '254', '27', '2016-04-30', 'R', '1');
INSERT INTO operations (operation_id, book_id, client_id, created_at, `type`, finished) VALUES ('295', '34', '120', '2016-12-20', 'S', '1');
INSERT INTO operations (operation_id, book_id, client_id, created_at, `type`, finished) VALUES ('296', '231', '438', '2015-12-10', 'L', '0');
INSERT INTO operations (operation_id, book_id, client_id, created_at, `type`, finished) VALUES ('297', '199', '107', '2015-01-19', 'R', '1');
INSERT INTO operations (operation_id, book_id, client_id, created_at, `type`, finished) VALUES ('298', '113', '104', '2016-06-16', 'L', '0');
INSERT INTO operations (operation_id, book_id, client_id, created_at, `type`, finished) VALUES ('299', '151', '44', '2015-05-19', 'S', '1');
INSERT INTO operations (operation_id, book_id, client_id, created_at, `type`, finished) VALUES ('300', '106', '177', '2016-07-29', 'S', '1');
INSERT INTO operations (operation_id, book_id, client_id, created_at, `type`, finished) VALUES ('301', '218', '54', '2016-09-12', 'L', '0');
INSERT INTO operations (operation_id, book_id, client_id, created_at, `type`, finished) VALUES ('302', '163', '261', '2015-03-12', 'R', '1');
INSERT INTO operations (operation_id, book_id, client_id, created_at, `type`, finished) VALUES ('303', '135', '230', '2015-12-04', 'L', '0');
INSERT INTO operations (operation_id, book_id, client_id, created_at, `type`, finished) VALUES ('304', '185', '430', '2015-09-10', 'S', '1');
INSERT INTO operations (operation_id, book_id, client_id, created_at, `type`, finished) VALUES ('305', '178', '171', '2015-04-07', 'R', '1');
INSERT INTO operations (operation_id, book_id, client_id, created_at, `type`, finished) VALUES ('306', '70', '200', '2015-06-08', 'L', '0');
INSERT INTO operations (operation_id, book_id, client_id, created_at, `type`, finished) VALUES ('307', '137', '59', '2016-07-15', 'L', '0');
INSERT INTO operations (operation_id, book_id, client_id, created_at, `type`, finished) VALUES ('308', '60', '430', '2016-07-03', 'L', '0');
INSERT INTO operations (operation_id, book_id, client_id, created_at, `type`, finished) VALUES ('309', '24', '149', '2015-09-26', 'S', '1');
INSERT INTO operations (operation_id, book_id, client_id, created_at, `type`, finished) VALUES ('310', '173', '124', '2016-03-01', 'L', '0');
INSERT INTO operations (operation_id, book_id, client_id, created_at, `type`, finished) VALUES ('311', '116', '113', '2015-07-31', 'R', '1');
INSERT INTO operations (operation_id, book_id, client_id, created_at, `type`, finished) VALUES ('312', '97', '305', '2015-08-20', 'S', '1');
INSERT INTO operations (operation_id, book_id, client_id, created_at, `type`, finished) VALUES ('313', '118', '85', '2015-08-10', 'R', '1');
INSERT INTO operations (operation_id, book_id, client_id, created_at, `type`, finished) VALUES ('314', '74', '271', '2015-07-19', 'L', '0');
INSERT INTO operations (operation_id, book_id, client_id, created_at, `type`, finished) VALUES ('315', '64', '262', '2015-12-21', 'S', '1');
INSERT INTO operations (operation_id, book_id, client_id, created_at, `type`, finished) VALUES ('316', '266', '263', '2016-01-16', 'L', '0');
INSERT INTO operations (operation_id, book_id, client_id, created_at, `type`, finished) VALUES ('317', '122', '469', '2015-03-19', 'S', '1');
INSERT INTO operations (operation_id, book_id, client_id, created_at, `type`, finished) VALUES ('318', '28', '305', '2016-07-16', 'S', '1');
INSERT INTO operations (operation_id, book_id, client_id, created_at, `type`, finished) VALUES ('319', '61', '32', '2016-01-31', 'R', '1');
INSERT INTO operations (operation_id, book_id, client_id, created_at, `type`, finished) VALUES ('320', '234', '484', '2016-05-02', 'R', '1');
INSERT INTO operations (operation_id, book_id, client_id, created_at, `type`, finished) VALUES ('321', '141', '188', '2015-08-28', 'S', '1');
INSERT INTO operations (operation_id, book_id, client_id, created_at, `type`, finished) VALUES ('322', '53', '201', '2016-05-05', 'R', '1');
INSERT INTO operations (operation_id, book_id, client_id, created_at, `type`, finished) VALUES ('323', '201', '337', '2015-03-14', 'R', '1');
INSERT INTO operations (operation_id, book_id, client_id, created_at, `type`, finished) VALUES ('324', '226', '341', '2016-08-10', 'L', '0');
INSERT INTO operations (operation_id, book_id, client_id, created_at, `type`, finished) VALUES ('325', '7', '43', '2016-03-25', 'S', '1');
INSERT INTO operations (operation_id, book_id, client_id, created_at, `type`, finished) VALUES ('326', '267', '151', '2016-02-24', 'R', '1');
INSERT INTO operations (operation_id, book_id, client_id, created_at, `type`, finished) VALUES ('327', '9', '329', '2016-07-25', 'L', '0');
INSERT INTO operations (operation_id, book_id, client_id, created_at, `type`, finished) VALUES ('328', '120', '336', '2016-07-16', 'L', '0');
INSERT INTO operations (operation_id, book_id, client_id, created_at, `type`, finished) VALUES ('329', '278', '7', '2016-07-05', 'S', '1');
INSERT INTO operations (operation_id, book_id, client_id, created_at, `type`, finished) VALUES ('330', '104', '470', '2015-09-03', 'S', '1');
INSERT INTO operations (operation_id, book_id, client_id, created_at, `type`, finished) VALUES ('331', '179', '100', '2015-06-02', 'R', '1');
INSERT INTO operations (operation_id, book_id, client_id, created_at, `type`, finished) VALUES ('332', '264', '230', '2016-03-09', 'R', '1');
INSERT INTO operations (operation_id, book_id, client_id, created_at, `type`, finished) VALUES ('333', '167', '377', '2016-07-17', 'S', '1');
INSERT INTO operations (operation_id, book_id, client_id, created_at, `type`, finished) VALUES ('334', '9', '31', '2016-10-20', 'S', '1');
INSERT INTO operations (operation_id, book_id, client_id, created_at, `type`, finished) VALUES ('335', '267', '244', '2016-03-04', 'L', '0');
INSERT INTO operations (operation_id, book_id, client_id, created_at, `type`, finished) VALUES ('336', '95', '131', '2016-02-29', 'L', '0');
INSERT INTO operations (operation_id, book_id, client_id, created_at, `type`, finished) VALUES ('337', '179', '130', '2016-01-13', 'L', '0');
INSERT INTO operations (operation_id, book_id, client_id, created_at, `type`, finished) VALUES ('338', '287', '23', '2015-09-27', 'L', '0');
INSERT INTO operations (operation_id, book_id, client_id, created_at, `type`, finished) VALUES ('339', '189', '240', '2015-01-13', 'S', '1');
INSERT INTO operations (operation_id, book_id, client_id, created_at, `type`, finished) VALUES ('340', '202', '223', '2016-05-11', 'R', '1');
INSERT INTO operations (operation_id, book_id, client_id, created_at, `type`, finished) VALUES ('341', '144', '288', '2015-09-24', 'R', '1');
INSERT INTO operations (operation_id, book_id, client_id, created_at, `type`, finished) VALUES ('342', '177', '310', '2015-06-27', 'L', '0');
INSERT INTO operations (operation_id, book_id, client_id, created_at, `type`, finished) VALUES ('343', '96', '422', '2015-06-25', 'S', '1');
INSERT INTO operations (operation_id, book_id, client_id, created_at, `type`, finished) VALUES ('344', '96', '282', '2015-01-15', 'S', '1');
INSERT INTO operations (operation_id, book_id, client_id, created_at, `type`, finished) VALUES ('345', '33', '232', '2016-01-27', 'R', '1');
INSERT INTO operations (operation_id, book_id, client_id, created_at, `type`, finished) VALUES ('346', '88', '371', '2015-01-25', 'L', '0');
INSERT INTO operations (operation_id, book_id, client_id, created_at, `type`, finished) VALUES ('347', '190', '350', '2015-05-31', 'S', '1');
INSERT INTO operations (operation_id, book_id, client_id, created_at, `type`, finished) VALUES ('348', '168', '54', '2016-07-02', 'R', '1');
INSERT INTO operations (operation_id, book_id, client_id, created_at, `type`, finished) VALUES ('349', '184', '269', '2016-08-10', 'R', '1');
INSERT INTO operations (operation_id, book_id, client_id, created_at, `type`, finished) VALUES ('350', '70', '52', '2016-08-17', 'R', '1');
INSERT INTO operations (operation_id, book_id, client_id, created_at, `type`, finished) VALUES ('351', '70', '256', '2016-02-19', 'R', '1');
INSERT INTO operations (operation_id, book_id, client_id, created_at, `type`, finished) VALUES ('352', '215', '179', '2015-11-21', 'R', '1');
INSERT INTO operations (operation_id, book_id, client_id, created_at, `type`, finished) VALUES ('353', '146', '43', '2016-09-09', 'R', '1');
INSERT INTO operations (operation_id, book_id, client_id, created_at, `type`, finished) VALUES ('354', '66', '304', '2015-07-09', 'S', '1');
INSERT INTO operations (operation_id, book_id, client_id, created_at, `type`, finished) VALUES ('355', '275', '234', '2015-10-25', 'L', '0');
INSERT INTO operations (operation_id, book_id, client_id, created_at, `type`, finished) VALUES ('356', '4', '198', '2015-04-05', 'S', '1');
INSERT INTO operations (operation_id, book_id, client_id, created_at, `type`, finished) VALUES ('357', '231', '239', '2015-09-22', 'S', '1');
INSERT INTO operations (operation_id, book_id, client_id, created_at, `type`, finished) VALUES ('358', '187', '423', '2015-01-05', 'R', '1');
INSERT INTO operations (operation_id, book_id, client_id, created_at, `type`, finished) VALUES ('359', '22', '143', '2015-11-13', 'L', '0');
INSERT INTO operations (operation_id, book_id, client_id, created_at, `type`, finished) VALUES ('360', '74', '232', '2015-05-13', 'R', '1');
INSERT INTO operations (operation_id, book_id, client_id, created_at, `type`, finished) VALUES ('361', '261', '432', '2015-10-04', 'R', '1');
INSERT INTO operations (operation_id, book_id, client_id, created_at, `type`, finished) VALUES ('362', '193', '435', '2016-08-28', 'S', '1');
INSERT INTO operations (operation_id, book_id, client_id, created_at, `type`, finished) VALUES ('363', '280', '103', '2016-02-07', 'S', '1');
INSERT INTO operations (operation_id, book_id, client_id, created_at, `type`, finished) VALUES ('364', '174', '368', '2016-03-10', 'R', '1');
INSERT INTO operations (operation_id, book_id, client_id, created_at, `type`, finished) VALUES ('365', '257', '42', '2015-06-05', 'S', '1');
INSERT INTO operations (operation_id, book_id, client_id, created_at, `type`, finished) VALUES ('366', '218', '68', '2016-08-05', 'S', '1');
INSERT INTO operations (operation_id, book_id, client_id, created_at, `type`, finished) VALUES ('367', '174', '367', '2016-02-26', 'L', '0');
INSERT INTO operations (operation_id, book_id, client_id, created_at, `type`, finished) VALUES ('368', '166', '460', '2016-05-08', 'L', '0');
INSERT INTO operations (operation_id, book_id, client_id, created_at, `type`, finished) VALUES ('369', '17', '429', '2015-08-02', 'R', '1');
INSERT INTO operations (operation_id, book_id, client_id, created_at, `type`, finished) VALUES ('370', '273', '68', '2016-05-05', 'S', '1');
INSERT INTO operations (operation_id, book_id, client_id, created_at, `type`, finished) VALUES ('371', '60', '94', '2015-04-28', 'R', '1');
INSERT INTO operations (operation_id, book_id, client_id, created_at, `type`, finished) VALUES ('372', '243', '133', '2016-08-07', 'S', '1');
INSERT INTO operations (operation_id, book_id, client_id, created_at, `type`, finished) VALUES ('373', '36', '451', '2015-03-29', 'R', '1');
INSERT INTO operations (operation_id, book_id, client_id, created_at, `type`, finished) VALUES ('374', '65', '425', '2016-08-26', 'L', '0');
INSERT INTO operations (operation_id, book_id, client_id, created_at, `type`, finished) VALUES ('375', '142', '216', '2015-09-11', 'S', '1');
INSERT INTO operations (operation_id, book_id, client_id, created_at, `type`, finished) VALUES ('376', '294', '161', '2016-08-22', 'R', '1');
INSERT INTO operations (operation_id, book_id, client_id, created_at, `type`, finished) VALUES ('377', '255', '410', '2015-06-05', 'L', '0');
INSERT INTO operations (operation_id, book_id, client_id, created_at, `type`, finished) VALUES ('378', '104', '491', '2015-10-09', 'L', '0');
INSERT INTO operations (operation_id, book_id, client_id, created_at, `type`, finished) VALUES ('379', '142', '138', '2015-12-06', 'R', '1');
INSERT INTO operations (operation_id, book_id, client_id, created_at, `type`, finished) VALUES ('380', '135', '129', '2016-05-18', 'L', '0');
INSERT INTO operations (operation_id, book_id, client_id, created_at, `type`, finished) VALUES ('381', '180', '230', '2015-10-17', 'S', '1');
INSERT INTO operations (operation_id, book_id, client_id, created_at, `type`, finished) VALUES ('382', '208', '496', '2016-06-10', 'L', '0');
INSERT INTO operations (operation_id, book_id, client_id, created_at, `type`, finished) VALUES ('383', '44', '201', '2016-06-17', 'S', '1');
INSERT INTO operations (operation_id, book_id, client_id, created_at, `type`, finished) VALUES ('384', '109', '494', '2016-09-12', 'R', '1');
INSERT INTO operations (operation_id, book_id, client_id, created_at, `type`, finished) VALUES ('385', '241', '398', '2015-05-15', 'R', '1');
INSERT INTO operations (operation_id, book_id, client_id, created_at, `type`, finished) VALUES ('386', '280', '127', '2016-05-04', 'L', '0');
INSERT INTO operations (operation_id, book_id, client_id, created_at, `type`, finished) VALUES ('387', '215', '95', '2016-11-28', 'S', '1');
INSERT INTO operations (operation_id, book_id, client_id, created_at, `type`, finished) VALUES ('388', '169', '231', '2015-03-30', 'R', '1');
INSERT INTO operations (operation_id, book_id, client_id, created_at, `type`, finished) VALUES ('389', '214', '114', '2016-04-13', 'R', '1');
INSERT INTO operations (operation_id, book_id, client_id, created_at, `type`, finished) VALUES ('390', '79', '257', '2016-04-16', 'S', '1');
INSERT INTO operations (operation_id, book_id, client_id, created_at, `type`, finished) VALUES ('391', '241', '375', '2015-04-02', 'R', '1');
INSERT INTO operations (operation_id, book_id, client_id, created_at, `type`, finished) VALUES ('392', '229', '414', '2016-09-26', 'L', '0');
INSERT INTO operations (operation_id, book_id, client_id, created_at, `type`, finished) VALUES ('393', '120', '305', '2015-12-04', 'R', '1');
INSERT INTO operations (operation_id, book_id, client_id, created_at, `type`, finished) VALUES ('394', '123', '264', '2015-07-28', 'R', '1');
INSERT INTO operations (operation_id, book_id, client_id, created_at, `type`, finished) VALUES ('395', '237', '498', '2015-02-09', 'S', '1');
INSERT INTO operations (operation_id, book_id, client_id, created_at, `type`, finished) VALUES ('396', '99', '470', '2015-07-19', 'L', '0');
INSERT INTO operations (operation_id, book_id, client_id, created_at, `type`, finished) VALUES ('397', '212', '210', '2016-05-17', 'S', '1');
INSERT INTO operations (operation_id, book_id, client_id, created_at, `type`, finished) VALUES ('398', '291', '451', '2015-05-26', 'S', '1');
INSERT INTO operations (operation_id, book_id, client_id, created_at, `type`, finished) VALUES ('399', '175', '301', '2015-05-09', 'S', '1');
INSERT INTO operations (operation_id, book_id, client_id, created_at, `type`, finished) VALUES ('400', '149', '91', '2015-09-01', 'S', '1');
INSERT INTO operations (operation_id, book_id, client_id, created_at, `type`, finished) VALUES ('401', '132', '435', '2015-11-01', 'L', '0');
INSERT INTO operations (operation_id, book_id, client_id, created_at, `type`, finished) VALUES ('402', '69', '374', '2016-01-13', 'L', '0');
INSERT INTO operations (operation_id, book_id, client_id, created_at, `type`, finished) VALUES ('403', '236', '130', '2016-08-11', 'L', '0');
INSERT INTO operations (operation_id, book_id, client_id, created_at, `type`, finished) VALUES ('404', '268', '195', '2015-09-05', 'S', '1');
INSERT INTO operations (operation_id, book_id, client_id, created_at, `type`, finished) VALUES ('405', '146', '132', '2015-04-06', 'S', '1');
INSERT INTO operations (operation_id, book_id, client_id, created_at, `type`, finished) VALUES ('406', '207', '332', '2016-06-26', 'S', '1');
INSERT INTO operations (operation_id, book_id, client_id, created_at, `type`, finished) VALUES ('407', '70', '406', '2016-11-25', 'L', '0');
INSERT INTO operations (operation_id, book_id, client_id, created_at, `type`, finished) VALUES ('408', '90', '137', '2015-08-30', 'R', '1');
INSERT INTO operations (operation_id, book_id, client_id, created_at, `type`, finished) VALUES ('409', '62', '84', '2016-05-23', 'L', '0');
INSERT INTO operations (operation_id, book_id, client_id, created_at, `type`, finished) VALUES ('410', '259', '355', '2016-04-11', 'S', '1');
INSERT INTO operations (operation_id, book_id, client_id, created_at, `type`, finished) VALUES ('411', '126', '419', '2015-03-10', 'R', '1');
INSERT INTO operations (operation_id, book_id, client_id, created_at, `type`, finished) VALUES ('412', '92', '499', '2016-11-26', 'S', '1');
INSERT INTO operations (operation_id, book_id, client_id, created_at, `type`, finished) VALUES ('413', '60', '213', '2016-06-26', 'S', '1');
INSERT INTO operations (operation_id, book_id, client_id, created_at, `type`, finished) VALUES ('414', '246', '196', '2016-06-30', 'R', '1');
INSERT INTO operations (operation_id, book_id, client_id, created_at, `type`, finished) VALUES ('415', '124', '484', '2016-03-04', 'S', '1');
INSERT INTO operations (operation_id, book_id, client_id, created_at, `type`, finished) VALUES ('416', '265', '297', '2016-07-08', 'S', '1');
INSERT INTO operations (operation_id, book_id, client_id, created_at, `type`, finished) VALUES ('417', '17', '401', '2015-10-01', 'S', '1');
INSERT INTO operations (operation_id, book_id, client_id, created_at, `type`, finished) VALUES ('418', '193', '303', '2016-01-10', 'S', '1');
INSERT INTO operations (operation_id, book_id, client_id, created_at, `type`, finished) VALUES ('419', '25', '12', '2015-09-29', 'L', '0');
INSERT INTO operations (operation_id, book_id, client_id, created_at, `type`, finished) VALUES ('420', '260', '7', '2015-12-08', 'R', '1');
INSERT INTO operations (operation_id, book_id, client_id, created_at, `type`, finished) VALUES ('421', '4', '68', '2015-11-02', 'L', '0');
INSERT INTO operations (operation_id, book_id, client_id, created_at, `type`, finished) VALUES ('422', '216', '131', '2015-01-23', 'L', '0');
INSERT INTO operations (operation_id, book_id, client_id, created_at, `type`, finished) VALUES ('423', '71', '144', '2016-04-17', 'S', '1');
INSERT INTO operations (operation_id, book_id, client_id, created_at, `type`, finished) VALUES ('424', '286', '76', '2015-12-01', 'S', '1');
INSERT INTO operations (operation_id, book_id, client_id, created_at, `type`, finished) VALUES ('425', '193', '61', '2016-11-03', 'S', '1');
INSERT INTO operations (operation_id, book_id, client_id, created_at, `type`, finished) VALUES ('426', '34', '392', '2015-07-14', 'R', '1');
INSERT INTO operations (operation_id, book_id, client_id, created_at, `type`, finished) VALUES ('427', '82', '139', '2015-02-21', 'S', '1');
INSERT INTO operations (operation_id, book_id, client_id, created_at, `type`, finished) VALUES ('428', '1', '100', '2016-03-19', 'L', '0');
INSERT INTO operations (operation_id, book_id, client_id, created_at, `type`, finished) VALUES ('429', '22', '90', '2015-09-07', 'S', '1');
INSERT INTO operations (operation_id, book_id, client_id, created_at, `type`, finished) VALUES ('430', '94', '117', '2016-02-05', 'R', '1');
INSERT INTO operations (operation_id, book_id, client_id, created_at, `type`, finished) VALUES ('431', '39', '376', '2016-05-08', 'S', '1');
INSERT INTO operations (operation_id, book_id, client_id, created_at, `type`, finished) VALUES ('432', '272', '241', '2016-07-25', 'S', '1');
INSERT INTO operations (operation_id, book_id, client_id, created_at, `type`, finished) VALUES ('433', '237', '162', '2016-02-23', 'L', '0');
INSERT INTO operations (operation_id, book_id, client_id, created_at, `type`, finished) VALUES ('434', '71', '475', '2015-02-21', 'S', '1');
INSERT INTO operations (operation_id, book_id, client_id, created_at, `type`, finished) VALUES ('435', '22', '177', '2016-03-19', 'S', '1');
INSERT INTO operations (operation_id, book_id, client_id, created_at, `type`, finished) VALUES ('436', '165', '392', '2015-04-16', 'L', '0');
INSERT INTO operations (operation_id, book_id, client_id, created_at, `type`, finished) VALUES ('437', '248', '30', '2016-12-14', 'S', '1');
INSERT INTO operations (operation_id, book_id, client_id, created_at, `type`, finished) VALUES ('438', '146', '60', '2016-07-24', 'R', '1');
INSERT INTO operations (operation_id, book_id, client_id, created_at, `type`, finished) VALUES ('439', '39', '135', '2015-05-29', 'R', '1');
INSERT INTO operations (operation_id, book_id, client_id, created_at, `type`, finished) VALUES ('440', '177', '72', '2015-05-28', 'L', '0');
INSERT INTO operations (operation_id, book_id, client_id, created_at, `type`, finished) VALUES ('441', '12', '470', '2016-09-26', 'R', '1');
INSERT INTO operations (operation_id, book_id, client_id, created_at, `type`, finished) VALUES ('442', '107', '439', '2016-10-11', 'S', '1');
INSERT INTO operations (operation_id, book_id, client_id, created_at, `type`, finished) VALUES ('443', '40', '472', '2016-09-25', 'L', '0');
INSERT INTO operations (operation_id, book_id, client_id, created_at, `type`, finished) VALUES ('444', '139', '16', '2015-10-11', 'S', '1');
INSERT INTO operations (operation_id, book_id, client_id, created_at, `type`, finished) VALUES ('445', '68', '77', '2016-03-23', 'S', '1');
INSERT INTO operations (operation_id, book_id, client_id, created_at, `type`, finished) VALUES ('446', '190', '264', '2016-08-03', 'R', '1');
INSERT INTO operations (operation_id, book_id, client_id, created_at, `type`, finished) VALUES ('447', '190', '80', '2016-11-15', 'S', '1');
INSERT INTO operations (operation_id, book_id, client_id, created_at, `type`, finished) VALUES ('448', '293', '336', '2015-09-04', 'S', '1');
INSERT INTO operations (operation_id, book_id, client_id, created_at, `type`, finished) VALUES ('449', '224', '434', '2016-01-13', 'S', '1');
INSERT INTO operations (operation_id, book_id, client_id, created_at, `type`, finished) VALUES ('450', '173', '421', '2016-10-18', 'S', '1');
INSERT INTO operations (operation_id, book_id, client_id, created_at, `type`, finished) VALUES ('451', '46', '160', '2015-08-19', 'R', '1');
INSERT INTO operations (operation_id, book_id, client_id, created_at, `type`, finished) VALUES ('452', '124', '40', '2016-06-03', 'S', '1');
INSERT INTO operations (operation_id, book_id, client_id, created_at, `type`, finished) VALUES ('453', '48', '100', '2015-05-21', 'L', '0');
INSERT INTO operations (operation_id, book_id, client_id, created_at, `type`, finished) VALUES ('454', '5', '245', '2016-04-30', 'S', '1');
INSERT INTO operations (operation_id, book_id, client_id, created_at, `type`, finished) VALUES ('455', '58', '301', '2016-09-14', 'R', '1');
INSERT INTO operations (operation_id, book_id, client_id, created_at, `type`, finished) VALUES ('456', '184', '300', '2016-06-10', 'R', '1');
INSERT INTO operations (operation_id, book_id, client_id, created_at, `type`, finished) VALUES ('457', '144', '478', '2016-02-16', 'R', '1');
INSERT INTO operations (operation_id, book_id, client_id, created_at, `type`, finished) VALUES ('458', '48', '95', '2015-06-11', 'R', '1');
INSERT INTO operations (operation_id, book_id, client_id, created_at, `type`, finished) VALUES ('459', '47', '416', '2016-12-24', 'S', '1');
INSERT INTO operations (operation_id, book_id, client_id, created_at, `type`, finished) VALUES ('460', '6', '158', '2016-10-10', 'R', '1');
INSERT INTO operations (operation_id, book_id, client_id, created_at, `type`, finished) VALUES ('461', '34', '3', '2016-09-16', 'S', '1');
INSERT INTO operations (operation_id, book_id, client_id, created_at, `type`, finished) VALUES ('462', '290', '100', '2016-10-07', 'R', '1');
INSERT INTO operations (operation_id, book_id, client_id, created_at, `type`, finished) VALUES ('463', '97', '346', '2016-01-21', 'S', '1');
INSERT INTO operations (operation_id, book_id, client_id, created_at, `type`, finished) VALUES ('464', '233', '310', '2015-08-10', 'R', '1');
INSERT INTO operations (operation_id, book_id, client_id, created_at, `type`, finished) VALUES ('465', '94', '171', '2016-02-10', 'L', '0');
INSERT INTO operations (operation_id, book_id, client_id, created_at, `type`, finished) VALUES ('466', '188', '237', '2016-01-24', 'L', '0');
INSERT INTO operations (operation_id, book_id, client_id, created_at, `type`, finished) VALUES ('467', '98', '100', '2015-04-17', 'L', '0');
INSERT INTO operations (operation_id, book_id, client_id, created_at, `type`, finished) VALUES ('468', '19', '42', '2015-07-19', 'L', '0');
INSERT INTO operations (operation_id, book_id, client_id, created_at, `type`, finished) VALUES ('469', '222', '373', '2015-09-05', 'R', '1');
INSERT INTO operations (operation_id, book_id, client_id, created_at, `type`, finished) VALUES ('470', '233', '351', '2016-11-26', 'S', '1');
INSERT INTO operations (operation_id, book_id, client_id, created_at, `type`, finished) VALUES ('471', '205', '343', '2016-03-30', 'S', '1');
INSERT INTO operations (operation_id, book_id, client_id, created_at, `type`, finished) VALUES ('472', '209', '243', '2015-04-17', 'L', '0');
INSERT INTO operations (operation_id, book_id, client_id, created_at, `type`, finished) VALUES ('473', '143', '149', '2016-06-04', 'L', '0');
INSERT INTO operations (operation_id, book_id, client_id, created_at, `type`, finished) VALUES ('474', '246', '148', '2016-08-17', 'R', '1');
INSERT INTO operations (operation_id, book_id, client_id, created_at, `type`, finished) VALUES ('475', '249', '500', '2016-05-01', 'R', '1');
INSERT INTO operations (operation_id, book_id, client_id, created_at, `type`, finished) VALUES ('476', '256', '318', '2015-05-13', 'R', '1');
INSERT INTO operations (operation_id, book_id, client_id, created_at, `type`, finished) VALUES ('477', '252', '219', '2016-10-31', 'R', '1');
INSERT INTO operations (operation_id, book_id, client_id, created_at, `type`, finished) VALUES ('478', '174', '331', '2016-04-19', 'R', '1');
INSERT INTO operations (operation_id, book_id, client_id, created_at, `type`, finished) VALUES ('479', '40', '6', '2015-01-26', 'R', '1');
INSERT INTO operations (operation_id, book_id, client_id, created_at, `type`, finished) VALUES ('480', '47', '106', '2016-12-04', 'S', '1');
INSERT INTO operations (operation_id, book_id, client_id, created_at, `type`, finished) VALUES ('481', '167', '57', '2015-08-31', 'L', '0');
INSERT INTO operations (operation_id, book_id, client_id, created_at, `type`, finished) VALUES ('482', '79', '100', '2015-08-04', 'S', '1');
INSERT INTO operations (operation_id, book_id, client_id, created_at, `type`, finished) VALUES ('483', '203', '169', '2015-05-08', 'R', '1');
INSERT INTO operations (operation_id, book_id, client_id, created_at, `type`, finished) VALUES ('484', '153', '246', '2016-01-28', 'S', '1');
INSERT INTO operations (operation_id, book_id, client_id, created_at, `type`, finished) VALUES ('485', '134', '185', '2015-12-24', 'R', '1');
INSERT INTO operations (operation_id, book_id, client_id, created_at, `type`, finished) VALUES ('486', '19', '467', '2015-05-03', 'S', '1');
INSERT INTO operations (operation_id, book_id, client_id, created_at, `type`, finished) VALUES ('487', '177', '230', '2016-11-12', 'R', '1');
INSERT INTO operations (operation_id, book_id, client_id, created_at, `type`, finished) VALUES ('488', '19', '6', '2016-04-15', 'R', '1');
INSERT INTO operations (operation_id, book_id, client_id, created_at, `type`, finished) VALUES ('489', '81', '146', '2016-07-06', 'R', '1');
INSERT INTO operations (operation_id, book_id, client_id, created_at, `type`, finished) VALUES ('490', '289', '80', '2015-09-28', 'R', '1');
INSERT INTO operations (operation_id, book_id, client_id, created_at, `type`, finished) VALUES ('491', '211', '290', '2015-07-10', 'L', '0');
INSERT INTO operations (operation_id, book_id, client_id, created_at, `type`, finished) VALUES ('492', '188', '385', '2016-04-29', 'L', '0');
INSERT INTO operations (operation_id, book_id, client_id, created_at, `type`, finished) VALUES ('493', '141', '195', '2015-09-24', 'L', '0');
INSERT INTO operations (operation_id, book_id, client_id, created_at, `type`, finished) VALUES ('494', '104', '100', '2015-12-04', 'R', '1');
INSERT INTO operations (operation_id, book_id, client_id, created_at, `type`, finished) VALUES ('495', '163', '338', '2016-12-14', 'S', '1');
INSERT INTO operations (operation_id, book_id, client_id, created_at, `type`, finished) VALUES ('496', '293', '426', '2015-03-25', 'R', '1');
INSERT INTO operations (operation_id, book_id, client_id, created_at, `type`, finished) VALUES ('497', '182', '187', '2015-04-28', 'L', '0');
INSERT INTO operations (operation_id, book_id, client_id, created_at, `type`, finished) VALUES ('498', '57', '304', '2015-07-12', 'L', '0');
INSERT INTO operations (operation_id, book_id, client_id, created_at, `type`, finished) VALUES ('499', '279', '311', '2015-12-24', 'L', '0');
INSERT INTO operations (operation_id, book_id, client_id, created_at, `type`, finished) VALUES ('500', '141', '134', '2015-10-30', 'L', '0');
INSERT INTO operations (operation_id, book_id, client_id, created_at, `type`, finished) VALUES ('501', '101', '321', '2015-02-06', 'L', '0');
INSERT INTO operations (operation_id, book_id, client_id, created_at, `type`, finished) VALUES ('502', '189', '17', '2015-01-23', 'R', '1');
INSERT INTO operations (operation_id, book_id, client_id, created_at, `type`, finished) VALUES ('503', '229', '84', '2015-08-26', 'S', '1');
INSERT INTO operations (operation_id, book_id, client_id, created_at, `type`, finished) VALUES ('504', '146', '226', '2015-07-01', 'R', '1');
INSERT INTO operations (operation_id, book_id, client_id, created_at, `type`, finished) VALUES ('505', '104', '233', '2016-02-27', 'R', '1');
INSERT INTO operations (operation_id, book_id, client_id, created_at, `type`, finished) VALUES ('506', '78', '50', '2015-02-26', 'S', '1');
INSERT INTO operations (operation_id, book_id, client_id, created_at, `type`, finished) VALUES ('507', '109', '167', '2016-10-02', 'L', '0');
INSERT INTO operations (operation_id, book_id, client_id, created_at, `type`, finished) VALUES ('508', '51', '412', '2015-09-02', 'R', '1');
INSERT INTO operations (operation_id, book_id, client_id, created_at, `type`, finished) VALUES ('509', '124', '99', '2016-05-21', 'L', '0');
INSERT INTO operations (operation_id, book_id, client_id, created_at, `type`, finished) VALUES ('510', '292', '405', '2016-06-22', 'S', '1');
INSERT INTO operations (operation_id, book_id, client_id, created_at, `type`, finished) VALUES ('511', '192', '179', '2015-09-07', 'L', '0');
INSERT INTO operations (operation_id, book_id, client_id, created_at, `type`, finished) VALUES ('512', '94', '138', '2016-01-08', 'S', '1');
INSERT INTO operations (operation_id, book_id, client_id, created_at, `type`, finished) VALUES ('513', '274', '311', '2016-12-13', 'S', '1');
INSERT INTO operations (operation_id, book_id, client_id, created_at, `type`, finished) VALUES ('514', '273', '495', '2016-06-05', 'S', '1');
INSERT INTO operations (operation_id, book_id, client_id, created_at, `type`, finished) VALUES ('515', '21', '435', '2016-02-12', 'R', '1');
INSERT INTO operations (operation_id, book_id, client_id, created_at, `type`, finished) VALUES ('516', '223', '362', '2016-02-09', 'S', '1');
INSERT INTO operations (operation_id, book_id, client_id, created_at, `type`, finished) VALUES ('517', '92', '234', '2015-07-22', 'S', '1');
INSERT INTO operations (operation_id, book_id, client_id, created_at, `type`, finished) VALUES ('518', '253', '168', '2015-01-21', 'S', '1');
INSERT INTO operations (operation_id, book_id, client_id, created_at, `type`, finished) VALUES ('519', '172', '47', '2016-08-01', 'S', '1');
INSERT INTO operations (operation_id, book_id, client_id, created_at, `type`, finished) VALUES ('520', '161', '316', '2015-04-05', 'R', '1');
INSERT INTO operations (operation_id, book_id, client_id, created_at, `type`, finished) VALUES ('521', '109', '139', '2016-08-30', 'R', '1');
INSERT INTO operations (operation_id, book_id, client_id, created_at, `type`, finished) VALUES ('522', '286', '296', '2016-04-07', 'S', '1');
INSERT INTO operations (operation_id, book_id, client_id, created_at, `type`, finished) VALUES ('523', '13', '372', '2015-05-25', 'R', '1');
INSERT INTO operations (operation_id, book_id, client_id, created_at, `type`, finished) VALUES ('524', '164', '80', '2015-01-07', 'L', '0');
INSERT INTO operations (operation_id, book_id, client_id, created_at, `type`, finished) VALUES ('525', '275', '223', '2015-06-02', 'L', '0');
INSERT INTO operations (operation_id, book_id, client_id, created_at, `type`, finished) VALUES ('526', '169', '194', '2015-07-20', 'R', '1');
INSERT INTO operations (operation_id, book_id, client_id, created_at, `type`, finished) VALUES ('527', '282', '280', '2016-05-21', 'R', '1');
INSERT INTO operations (operation_id, book_id, client_id, created_at, `type`, finished) VALUES ('528', '60', '475', '2015-08-22', 'S', '1');
INSERT INTO operations (operation_id, book_id, client_id, created_at, `type`, finished) VALUES ('529', '19', '424', '2016-05-04', 'S', '1');
INSERT INTO operations (operation_id, book_id, client_id, created_at, `type`, finished) VALUES ('530', '278', '157', '2016-07-20', 'L', '0');
INSERT INTO operations (operation_id, book_id, client_id, created_at, `type`, finished) VALUES ('531', '110', '28', '2015-05-09', 'L', '0');
INSERT INTO operations (operation_id, book_id, client_id, created_at, `type`, finished) VALUES ('532', '76', '7', '2016-10-12', 'L', '0');
INSERT INTO operations (operation_id, book_id, client_id, created_at, `type`, finished) VALUES ('533', '235', '350', '2016-08-17', 'R', '1');
INSERT INTO operations (operation_id, book_id, client_id, created_at, `type`, finished) VALUES ('534', '198', '299', '2015-08-04', 'R', '1');
INSERT INTO operations (operation_id, book_id, client_id, created_at, `type`, finished) VALUES ('535', '65', '21', '2016-09-25', 'L', '0');
INSERT INTO operations (operation_id, book_id, client_id, created_at, `type`, finished) VALUES ('536', '59', '100', '2016-04-05', 'R', '1');
INSERT INTO operations (operation_id, book_id, client_id, created_at, `type`, finished) VALUES ('537', '94', '361', '2015-04-02', 'S', '1');
INSERT INTO operations (operation_id, book_id, client_id, created_at, `type`, finished) VALUES ('538', '146', '229', '2016-01-20', 'L', '0');
INSERT INTO operations (operation_id, book_id, client_id, created_at, `type`, finished) VALUES ('539', '15', '228', '2016-01-24', 'S', '1');
INSERT INTO operations (operation_id, book_id, client_id, created_at, `type`, finished) VALUES ('540', '254', '145', '2015-11-06', 'R', '1');
INSERT INTO operations (operation_id, book_id, client_id, created_at, `type`, finished) VALUES ('541', '245', '158', '2016-05-02', 'S', '1');
INSERT INTO operations (operation_id, book_id, client_id, created_at, `type`, finished) VALUES ('542', '190', '152', '2016-05-20', 'R', '1');
INSERT INTO operations (operation_id, book_id, client_id, created_at, `type`, finished) VALUES ('543', '127', '41', '2016-08-23', 'S', '1');
INSERT INTO operations (operation_id, book_id, client_id, created_at, `type`, finished) VALUES ('544', '31', '87', '2016-08-27', 'S', '1');
INSERT INTO operations (operation_id, book_id, client_id, created_at, `type`, finished) VALUES ('545', '39', '383', '2016-06-14', 'L', '0');
INSERT INTO operations (operation_id, book_id, client_id, created_at, `type`, finished) VALUES ('546', '292', '355', '2015-06-17', 'L', '0');
INSERT INTO operations (operation_id, book_id, client_id, created_at, `type`, finished) VALUES ('547', '197', '155', '2016-06-05', 'R', '1');
INSERT INTO operations (operation_id, book_id, client_id, created_at, `type`, finished) VALUES ('548', '186', '344', '2015-01-10', 'L', '0');
INSERT INTO operations (operation_id, book_id, client_id, created_at, `type`, finished) VALUES ('549', '236', '482', '2016-05-19', 'R', '1');
INSERT INTO operations (operation_id, book_id, client_id, created_at, `type`, finished) VALUES ('550', '124', '230', '2015-06-05', 'R', '1');
INSERT INTO operations (operation_id, book_id, client_id, created_at, `type`, finished) VALUES ('551', '115', '27', '2016-03-15', 'S', '1');
INSERT INTO operations (operation_id, book_id, client_id, created_at, `type`, finished) VALUES ('552', '176', '270', '2015-07-06', 'R', '1');
INSERT INTO operations (operation_id, book_id, client_id, created_at, `type`, finished) VALUES ('553', '66', '134', '2016-01-23', 'S', '1');
INSERT INTO operations (operation_id, book_id, client_id, created_at, `type`, finished) VALUES ('554', '46', '431', '2015-10-27', 'S', '1');
INSERT INTO operations (operation_id, book_id, client_id, created_at, `type`, finished) VALUES ('555', '192', '383', '2015-01-24', 'R', '1');
INSERT INTO operations (operation_id, book_id, client_id, created_at, `type`, finished) VALUES ('556', '185', '165', '2015-11-12', 'L', '0');
INSERT INTO operations (operation_id, book_id, client_id, created_at, `type`, finished) VALUES ('557', '139', '27', '2016-04-28', 'S', '1');
INSERT INTO operations (operation_id, book_id, client_id, created_at, `type`, finished) VALUES ('558', '103', '111', '2015-11-27', 'L', '0');
INSERT INTO operations (operation_id, book_id, client_id, created_at, `type`, finished) VALUES ('559', '238', '168', '2015-05-16', 'R', '1');
INSERT INTO operations (operation_id, book_id, client_id, created_at, `type`, finished) VALUES ('560', '241', '457', '2015-01-15', 'L', '0');
INSERT INTO operations (operation_id, book_id, client_id, created_at, `type`, finished) VALUES ('561', '206', '372', '2015-07-14', 'L', '0');
INSERT INTO operations (operation_id, book_id, client_id, created_at, `type`, finished) VALUES ('562', '171', '117', '2015-11-26', 'S', '1');
INSERT INTO operations (operation_id, book_id, client_id, created_at, `type`, finished) VALUES ('563', '227', '306', '2015-09-22', 'S', '1');
INSERT INTO operations (operation_id, book_id, client_id, created_at, `type`, finished) VALUES ('564', '184', '178', '2015-03-21', 'L', '0');
INSERT INTO operations (operation_id, book_id, client_id, created_at, `type`, finished) VALUES ('565', '4', '391', '2015-09-24', 'R', '1');
INSERT INTO operations (operation_id, book_id, client_id, created_at, `type`, finished) VALUES ('566', '133', '257', '2015-02-21', 'R', '1');
INSERT INTO operations (operation_id, book_id, client_id, created_at, `type`, finished) VALUES ('567', '176', '267', '2015-02-22', 'R', '1');
INSERT INTO operations (operation_id, book_id, client_id, created_at, `type`, finished) VALUES ('568', '134', '251', '2015-01-20', 'S', '1');
INSERT INTO operations (operation_id, book_id, client_id, created_at, `type`, finished) VALUES ('569', '223', '342', '2015-11-02', 'L', '0');
INSERT INTO operations (operation_id, book_id, client_id, created_at, `type`, finished) VALUES ('570', '266', '387', '2015-07-21', 'S', '1');
INSERT INTO operations (operation_id, book_id, client_id, created_at, `type`, finished) VALUES ('571', '126', '355', '2015-12-11', 'R', '1');
INSERT INTO operations (operation_id, book_id, client_id, created_at, `type`, finished) VALUES ('572', '293', '452', '2015-07-01', 'R', '1');
INSERT INTO operations (operation_id, book_id, client_id, created_at, `type`, finished) VALUES ('573', '105', '429', '2015-04-28', 'S', '1');
INSERT INTO operations (operation_id, book_id, client_id, created_at, `type`, finished) VALUES ('574', '227', '463', '2015-07-19', 'L', '0');
INSERT INTO operations (operation_id, book_id, client_id, created_at, `type`, finished) VALUES ('575', '185', '16', '2015-08-21', 'R', '1');
INSERT INTO operations (operation_id, book_id, client_id, created_at, `type`, finished) VALUES ('576', '185', '308', '2016-09-11', 'R', '1');
INSERT INTO operations (operation_id, book_id, client_id, created_at, `type`, finished) VALUES ('577', '263', '242', '2015-09-09', 'L', '0');
INSERT INTO operations (operation_id, book_id, client_id, created_at, `type`, finished) VALUES ('578', '226', '375', '2015-02-07', 'R', '1');
INSERT INTO operations (operation_id, book_id, client_id, created_at, `type`, finished) VALUES ('579', '181', '265', '2016-05-01', 'L', '0');
INSERT INTO operations (operation_id, book_id, client_id, created_at, `type`, finished) VALUES ('580', '229', '263', '2016-04-10', 'L', '0');
INSERT INTO operations (operation_id, book_id, client_id, created_at, `type`, finished) VALUES ('581', '99', '333', '2015-10-31', 'R', '1');
INSERT INTO operations (operation_id, book_id, client_id, created_at, `type`, finished) VALUES ('582', '84', '213', '2016-06-07', 'S', '1');
INSERT INTO operations (operation_id, book_id, client_id, created_at, `type`, finished) VALUES ('583', '238', '39', '2015-02-23', 'R', '1');
INSERT INTO operations (operation_id, book_id, client_id, created_at, `type`, finished) VALUES ('584', '272', '97', '2015-04-24', 'S', '1');
INSERT INTO operations (operation_id, book_id, client_id, created_at, `type`, finished) VALUES ('585', '84', '177', '2016-09-23', 'L', '0');
INSERT INTO operations (operation_id, book_id, client_id, created_at, `type`, finished) VALUES ('586', '273', '144', '2015-05-28', 'L', '0');
INSERT INTO operations (operation_id, book_id, client_id, created_at, `type`, finished) VALUES ('587', '284', '59', '2015-06-10', 'S', '1');
INSERT INTO operations (operation_id, book_id, client_id, created_at, `type`, finished) VALUES ('588', '39', '326', '2015-09-22', 'L', '0');
INSERT INTO operations (operation_id, book_id, client_id, created_at, `type`, finished) VALUES ('589', '208', '134', '2015-03-31', 'S', '1');
INSERT INTO operations (operation_id, book_id, client_id, created_at, `type`, finished) VALUES ('590', '72', '381', '2016-05-12', 'R', '1');
INSERT INTO operations (operation_id, book_id, client_id, created_at, `type`, finished) VALUES ('591', '40', '125', '2016-02-10', 'S', '1');
INSERT INTO operations (operation_id, book_id, client_id, created_at, `type`, finished) VALUES ('592', '220', '445', '2015-05-29', 'R', '1');
INSERT INTO operations (operation_id, book_id, client_id, created_at, `type`, finished) VALUES ('593', '133', '91', '2015-06-17', 'L', '0');
INSERT INTO operations (operation_id, book_id, client_id, created_at, `type`, finished) VALUES ('594', '198', '375', '2015-10-10', 'R', '1');
INSERT INTO operations (operation_id, book_id, client_id, created_at, `type`, finished) VALUES ('595', '224', '327', '2015-12-17', 'R', '1');
INSERT INTO operations (operation_id, book_id, client_id, created_at, `type`, finished) VALUES ('596', '32', '191', '2016-08-31', 'S', '1');
INSERT INTO operations (operation_id, book_id, client_id, created_at, `type`, finished) VALUES ('597', '97', '492', '2016-02-29', 'R', '1');
INSERT INTO operations (operation_id, book_id, client_id, created_at, `type`, finished) VALUES ('598', '90', '297', '2016-02-14', 'L', '0');
INSERT INTO operations (operation_id, book_id, client_id, created_at, `type`, finished) VALUES ('599', '76', '336', '2015-01-11', 'R', '1');
INSERT INTO operations (operation_id, book_id, client_id, created_at, `type`, finished) VALUES ('600', '86', '154', '2016-01-08', 'S', '1');
INSERT INTO operations (operation_id, book_id, client_id, created_at, `type`, finished) VALUES ('601', '59', '220', '2015-09-24', 'R', '1');
INSERT INTO operations (operation_id, book_id, client_id, created_at, `type`, finished) VALUES ('602', '236', '434', '2015-01-19', 'R', '1');
INSERT INTO operations (operation_id, book_id, client_id, created_at, `type`, finished) VALUES ('603', '6', '351', '2015-01-07', 'L', '0');
INSERT INTO operations (operation_id, book_id, client_id, created_at, `type`, finished) VALUES ('604', '153', '276', '2015-11-13', 'R', '1');
INSERT INTO operations (operation_id, book_id, client_id, created_at, `type`, finished) VALUES ('605', '77', '100', '2015-07-31', 'S', '1');
INSERT INTO operations (operation_id, book_id, client_id, created_at, `type`, finished) VALUES ('606', '74', '480', '2016-06-21', 'S', '1');
INSERT INTO operations (operation_id, book_id, client_id, created_at, `type`, finished) VALUES ('607', '204', '412', '2015-12-05', 'L', '0');
INSERT INTO operations (operation_id, book_id, client_id, created_at, `type`, finished) VALUES ('608', '132', '318', '2016-12-24', 'S', '1');
INSERT INTO operations (operation_id, book_id, client_id, created_at, `type`, finished) VALUES ('609', '276', '221', '2016-10-02', 'R', '1');
INSERT INTO operations (operation_id, book_id, client_id, created_at, `type`, finished) VALUES ('610', '250', '414', '2015-03-14', 'S', '1');
INSERT INTO operations (operation_id, book_id, client_id, created_at, `type`, finished) VALUES ('611', '51', '61', '2015-09-16', 'S', '1');
INSERT INTO operations (operation_id, book_id, client_id, created_at, `type`, finished) VALUES ('612', '253', '158', '2016-03-17', 'R', '1');
INSERT INTO operations (operation_id, book_id, client_id, created_at, `type`, finished) VALUES ('613', '34', '209', '2016-01-03', 'R', '1');
INSERT INTO operations (operation_id, book_id, client_id, created_at, `type`, finished) VALUES ('614', '272', '409', '2015-01-07', 'L', '0');
INSERT INTO operations (operation_id, book_id, client_id, created_at, `type`, finished) VALUES ('615', '227', '336', '2015-12-23', 'S', '1');
INSERT INTO operations (operation_id, book_id, client_id, created_at, `type`, finished) VALUES ('616', '11', '281', '2016-05-16', 'L', '0');
INSERT INTO operations (operation_id, book_id, client_id, created_at, `type`, finished) VALUES ('617', '140', '140', '2015-12-23', 'S', '1');
INSERT INTO operations (operation_id, book_id, client_id, created_at, `type`, finished) VALUES ('618', '129', '267', '2016-10-07', 'L', '0');
INSERT INTO operations (operation_id, book_id, client_id, created_at, `type`, finished) VALUES ('619', '259', '490', '2016-09-08', 'L', '0');
INSERT INTO operations (operation_id, book_id, client_id, created_at, `type`, finished) VALUES ('620', '277', '392', '2016-02-03', 'L', '0');
INSERT INTO operations (operation_id, book_id, client_id, created_at, `type`, finished) VALUES ('621', '209', '283', '2015-08-31', 'S', '1');
INSERT INTO operations (operation_id, book_id, client_id, created_at, `type`, finished) VALUES ('622', '208', '24', '2016-12-10', 'L', '0');
INSERT INTO operations (operation_id, book_id, client_id, created_at, `type`, finished) VALUES ('623', '143', '265', '2015-10-31', 'S', '1');
INSERT INTO operations (operation_id, book_id, client_id, created_at, `type`, finished) VALUES ('624', '74', '114', '2015-03-25', 'S', '1');
INSERT INTO operations (operation_id, book_id, client_id, created_at, `type`, finished) VALUES ('625', '273', '393', '2015-01-01', 'L', '0');
INSERT INTO operations (operation_id, book_id, client_id, created_at, `type`, finished) VALUES ('626', '205', '94', '2016-08-12', 'L', '0');
INSERT INTO operations (operation_id, book_id, client_id, created_at, `type`, finished) VALUES ('627', '117', '381', '2015-07-23', 'S', '1');
INSERT INTO operations (operation_id, book_id, client_id, created_at, `type`, finished) VALUES ('628', '181', '146', '2015-03-21', 'S', '1');
INSERT INTO operations (operation_id, book_id, client_id, created_at, `type`, finished) VALUES ('629', '24', '324', '2016-05-14', 'R', '1');
INSERT INTO operations (operation_id, book_id, client_id, created_at, `type`, finished) VALUES ('630', '33', '273', '2016-08-27', 'S', '1');
INSERT INTO operations (operation_id, book_id, client_id, created_at, `type`, finished) VALUES ('631', '117', '376', '2016-10-08', 'S', '1');
INSERT INTO operations (operation_id, book_id, client_id, created_at, `type`, finished) VALUES ('632', '47', '48', '2016-09-29', 'S', '1');
INSERT INTO operations (operation_id, book_id, client_id, created_at, `type`, finished) VALUES ('633', '263', '330', '2016-07-20', 'S', '1');
INSERT INTO operations (operation_id, book_id, client_id, created_at, `type`, finished) VALUES ('634', '257', '120', '2015-05-08', 'R', '1');
INSERT INTO operations (operation_id, book_id, client_id, created_at, `type`, finished) VALUES ('635', '155', '494', '2016-11-08', 'R', '1');
INSERT INTO operations (operation_id, book_id, client_id, created_at, `type`, finished) VALUES ('636', '122', '379', '2015-11-15', 'R', '1');
INSERT INTO operations (operation_id, book_id, client_id, created_at, `type`, finished) VALUES ('637', '132', '380', '2016-04-24', 'L', '0');
INSERT INTO operations (operation_id, book_id, client_id, created_at, `type`, finished) VALUES ('638', '176', '234', '2016-05-13', 'R', '1');
INSERT INTO operations (operation_id, book_id, client_id, created_at, `type`, finished) VALUES ('639', '14', '437', '2016-07-19', 'L', '0');
INSERT INTO operations (operation_id, book_id, client_id, created_at, `type`, finished) VALUES ('640', '138', '323', '2016-12-06', 'S', '1');
INSERT INTO operations (operation_id, book_id, client_id, created_at, `type`, finished) VALUES ('641', '272', '451', '2015-02-22', 'L', '0');
INSERT INTO operations (operation_id, book_id, client_id, created_at, `type`, finished) VALUES ('642', '86', '283', '2016-10-27', 'S', '1');
INSERT INTO operations (operation_id, book_id, client_id, created_at, `type`, finished) VALUES ('643', '237', '291', '2016-01-21', 'R', '1');
INSERT INTO operations (operation_id, book_id, client_id, created_at, `type`, finished) VALUES ('644', '24', '36', '2015-11-24', 'L', '0');
INSERT INTO operations (operation_id, book_id, client_id, created_at, `type`, finished) VALUES ('645', '26', '443', '2015-04-06', 'S', '1');
INSERT INTO operations (operation_id, book_id, client_id, created_at, `type`, finished) VALUES ('646', '153', '393', '2016-08-23', 'S', '1');
INSERT INTO operations (operation_id, book_id, client_id, created_at, `type`, finished) VALUES ('647', '207', '298', '2015-10-19', 'L', '0');
INSERT INTO operations (operation_id, book_id, client_id, created_at, `type`, finished) VALUES ('648', '58', '253', '2015-07-21', 'L', '0');
INSERT INTO operations (operation_id, book_id, client_id, created_at, `type`, finished) VALUES ('649', '81', '348', '2015-07-27', 'R', '1');
INSERT INTO operations (operation_id, book_id, client_id, created_at, `type`, finished) VALUES ('650', '267', '498', '2016-09-09', 'L', '0');
INSERT INTO operations (operation_id, book_id, client_id, created_at, `type`, finished) VALUES ('651', '273', '139', '2016-07-15', 'S', '1');
INSERT INTO operations (operation_id, book_id, client_id, created_at, `type`, finished) VALUES ('652', '47', '208', '2015-11-29', 'S', '1');
INSERT INTO operations (operation_id, book_id, client_id, created_at, `type`, finished) VALUES ('653', '238', '8', '2015-08-19', 'L', '0');
INSERT INTO operations (operation_id, book_id, client_id, created_at, `type`, finished) VALUES ('654', '274', '394', '2015-11-11', 'S', '1');
INSERT INTO operations (operation_id, book_id, client_id, created_at, `type`, finished) VALUES ('655', '211', '356', '2016-05-20', 'S', '1');
INSERT INTO operations (operation_id, book_id, client_id, created_at, `type`, finished) VALUES ('656', '194', '234', '2016-08-22', 'R', '1');
INSERT INTO operations (operation_id, book_id, client_id, created_at, `type`, finished) VALUES ('657', '58', '142', '2015-12-17', 'S', '1');
INSERT INTO operations (operation_id, book_id, client_id, created_at, `type`, finished) VALUES ('658', '187', '36', '2016-02-19', 'S', '1');
INSERT INTO operations (operation_id, book_id, client_id, created_at, `type`, finished) VALUES ('659', '190', '107', '2015-07-25', 'S', '1');
INSERT INTO operations (operation_id, book_id, client_id, created_at, `type`, finished) VALUES ('660', '93', '25', '2016-04-06', 'S', '1');
INSERT INTO operations (operation_id, book_id, client_id, created_at, `type`, finished) VALUES ('661', '35', '24', '2015-09-17', 'R', '1');
INSERT INTO operations (operation_id, book_id, client_id, created_at, `type`, finished) VALUES ('662', '96', '47', '2016-09-15', 'L', '0');
INSERT INTO operations (operation_id, book_id, client_id, created_at, `type`, finished) VALUES ('663', '88', '267', '2016-12-11', 'S', '1');
INSERT INTO operations (operation_id, book_id, client_id, created_at, `type`, finished) VALUES ('664', '84', '207', '2016-02-24', 'L', '0');
INSERT INTO operations (operation_id, book_id, client_id, created_at, `type`, finished) VALUES ('665', '158', '464', '2016-11-11', 'R', '1');
INSERT INTO operations (operation_id, book_id, client_id, created_at, `type`, finished) VALUES ('666', '179', '66', '2016-10-08', 'L', '0');
INSERT INTO operations (operation_id, book_id, client_id, created_at, `type`, finished) VALUES ('667', '229', '372', '2015-09-24', 'L', '0');
INSERT INTO operations (operation_id, book_id, client_id, created_at, `type`, finished) VALUES ('668', '76', '74', '2015-04-11', 'S', '1');
INSERT INTO operations (operation_id, book_id, client_id, created_at, `type`, finished) VALUES ('669', '208', '331', '2016-05-03', 'L', '0');
INSERT INTO operations (operation_id, book_id, client_id, created_at, `type`, finished) VALUES ('670', '68', '332', '2016-03-05', 'L', '0');
INSERT INTO operations (operation_id, book_id, client_id, created_at, `type`, finished) VALUES ('671', '212', '108', '2015-08-20', 'S', '1');
INSERT INTO operations (operation_id, book_id, client_id, created_at, `type`, finished) VALUES ('672', '227', '486', '2016-12-02', 'S', '1');
INSERT INTO operations (operation_id, book_id, client_id, created_at, `type`, finished) VALUES ('673', '285', '93', '2016-08-22', 'S', '1');
INSERT INTO operations (operation_id, book_id, client_id, created_at, `type`, finished) VALUES ('674', '173', '53', '2016-07-03', 'S', '1');
INSERT INTO operations (operation_id, book_id, client_id, created_at, `type`, finished) VALUES ('675', '35', '278', '2016-01-17', 'L', '0');
INSERT INTO operations (operation_id, book_id, client_id, created_at, `type`, finished) VALUES ('676', '107', '334', '2016-10-18', 'R', '1');
INSERT INTO operations (operation_id, book_id, client_id, created_at, `type`, finished) VALUES ('677', '173', '401', '2016-10-25', 'S', '1');
INSERT INTO operations (operation_id, book_id, client_id, created_at, `type`, finished) VALUES ('678', '18', '479', '2016-04-26', 'L', '0');
INSERT INTO operations (operation_id, book_id, client_id, created_at, `type`, finished) VALUES ('679', '243', '394', '2015-07-11', 'L', '0');
INSERT INTO operations (operation_id, book_id, client_id, created_at, `type`, finished) VALUES ('680', '282', '232', '2016-05-30', 'S', '1');
INSERT INTO operations (operation_id, book_id, client_id, created_at, `type`, finished) VALUES ('681', '138', '438', '2016-08-18', 'R', '1');
INSERT INTO operations (operation_id, book_id, client_id, created_at, `type`, finished) VALUES ('682', '149', '248', '2015-11-15', 'S', '1');
INSERT INTO operations (operation_id, book_id, client_id, created_at, `type`, finished) VALUES ('683', '272', '444', '2016-12-18', 'L', '0');
INSERT INTO operations (operation_id, book_id, client_id, created_at, `type`, finished) VALUES ('684', '204', '293', '2015-12-27', 'R', '1');
INSERT INTO operations (operation_id, book_id, client_id, created_at, `type`, finished) VALUES ('685', '36', '257', '2016-11-14', 'S', '1');
INSERT INTO operations (operation_id, book_id, client_id, created_at, `type`, finished) VALUES ('686', '244', '61', '2016-05-21', 'R', '1');
INSERT INTO operations (operation_id, book_id, client_id, created_at, `type`, finished) VALUES ('687', '217', '165', '2015-01-28', 'S', '1');
INSERT INTO operations (operation_id, book_id, client_id, created_at, `type`, finished) VALUES ('688', '81', '76', '2016-02-07', 'L', '0');
INSERT INTO operations (operation_id, book_id, client_id, created_at, `type`, finished) VALUES ('689', '84', '479', '2016-10-02', 'L', '0');
INSERT INTO operations (operation_id, book_id, client_id, created_at, `type`, finished) VALUES ('690', '91', '264', '2016-03-25', 'R', '1');
INSERT INTO operations (operation_id, book_id, client_id, created_at, `type`, finished) VALUES ('691', '184', '222', '2015-01-07', 'L', '0');
INSERT INTO operations (operation_id, book_id, client_id, created_at, `type`, finished) VALUES ('692', '66', '110', '2016-05-04', 'L', '0');
INSERT INTO operations (operation_id, book_id, client_id, created_at, `type`, finished) VALUES ('693', '71', '230', '2016-10-26', 'S', '1');
INSERT INTO operations (operation_id, book_id, client_id, created_at, `type`, finished) VALUES ('694', '75', '265', '2015-05-19', 'R', '1');
INSERT INTO operations (operation_id, book_id, client_id, created_at, `type`, finished) VALUES ('695', '46', '392', '2016-07-21', 'R', '1');
INSERT INTO operations (operation_id, book_id, client_id, created_at, `type`, finished) VALUES ('696', '261', '144', '2015-03-23', 'L', '0');
INSERT INTO operations (operation_id, book_id, client_id, created_at, `type`, finished) VALUES ('697', '215', '191', '2016-01-26', 'S', '1');
INSERT INTO operations (operation_id, book_id, client_id, created_at, `type`, finished) VALUES ('698', '96', '285', '2015-05-21', 'R', '1');
INSERT INTO operations (operation_id, book_id, client_id, created_at, `type`, finished) VALUES ('699', '165', '66', '2015-06-12', 'L', '0');
INSERT INTO operations (operation_id, book_id, client_id, created_at, `type`, finished) VALUES ('700', '155', '173', '2016-01-31', 'L', '0');
INSERT INTO operations (operation_id, book_id, client_id, created_at, `type`, finished) VALUES ('701', '255', '86', '2016-05-06', 'R', '1');
INSERT INTO operations (operation_id, book_id, client_id, created_at, `type`, finished) VALUES ('702', '111', '390', '2016-06-08', 'R', '1');
INSERT INTO operations (operation_id, book_id, client_id, created_at, `type`, finished) VALUES ('703', '151', '193', '2016-07-20', 'L', '0');
INSERT INTO operations (operation_id, book_id, client_id, created_at, `type`, finished) VALUES ('704', '37', '404', '2015-02-26', 'S', '1');
INSERT INTO operations (operation_id, book_id, client_id, created_at, `type`, finished) VALUES ('705', '163', '111', '2016-04-14', 'S', '1');
INSERT INTO operations (operation_id, book_id, client_id, created_at, `type`, finished) VALUES ('706', '36', '229', '2016-08-07', 'L', '0');
INSERT INTO operations (operation_id, book_id, client_id, created_at, `type`, finished) VALUES ('707', '233', '44', '2016-12-04', 'L', '0');
INSERT INTO operations (operation_id, book_id, client_id, created_at, `type`, finished) VALUES ('708', '146', '28', '2015-04-20', 'L', '0');
INSERT INTO operations (operation_id, book_id, client_id, created_at, `type`, finished) VALUES ('709', '193', '359', '2016-02-13', 'L', '0');
INSERT INTO operations (operation_id, book_id, client_id, created_at, `type`, finished) VALUES ('710', '189', '58', '2015-05-24', 'L', '0');
INSERT INTO operations (operation_id, book_id, client_id, created_at, `type`, finished) VALUES ('711', '149', '376', '2016-10-23', 'R', '1');
INSERT INTO operations (operation_id, book_id, client_id, created_at, `type`, finished) VALUES ('712', '216', '188', '2016-01-08', 'L', '0');
INSERT INTO operations (operation_id, book_id, client_id, created_at, `type`, finished) VALUES ('713', '115', '122', '2015-02-20', 'S', '1');
INSERT INTO operations (operation_id, book_id, client_id, created_at, `type`, finished) VALUES ('714', '197', '445', '2016-03-13', 'S', '1');
INSERT INTO operations (operation_id, book_id, client_id, created_at, `type`, finished) VALUES ('715', '48', '438', '2016-05-16', 'R', '1');
INSERT INTO operations (operation_id, book_id, client_id, created_at, `type`, finished) VALUES ('716', '273', '142', '2015-09-28', 'R', '1');
INSERT INTO operations (operation_id, book_id, client_id, created_at, `type`, finished) VALUES ('717', '75', '172', '2016-06-18', 'S', '1');
INSERT INTO operations (operation_id, book_id, client_id, created_at, `type`, finished) VALUES ('718', '212', '281', '2016-09-24', 'S', '1');
INSERT INTO operations (operation_id, book_id, client_id, created_at, `type`, finished) VALUES ('719', '192', '379', '2015-10-05', 'S', '1');
INSERT INTO operations (operation_id, book_id, client_id, created_at, `type`, finished) VALUES ('720', '230', '127', '2016-03-28', 'R', '1');
INSERT INTO operations (operation_id, book_id, client_id, created_at, `type`, finished) VALUES ('721', '41', '8', '2015-11-18', 'L', '0');
INSERT INTO operations (operation_id, book_id, client_id, created_at, `type`, finished) VALUES ('722', '134', '257', '2016-03-30', 'S', '1');
INSERT INTO operations (operation_id, book_id, client_id, created_at, `type`, finished) VALUES ('723', '97', '229', '2015-09-16', 'L', '0');
INSERT INTO operations (operation_id, book_id, client_id, created_at, `type`, finished) VALUES ('724', '99', '27', '2016-05-02', 'L', '0');
INSERT INTO operations (operation_id, book_id, client_id, created_at, `type`, finished) VALUES ('725', '284', '100', '2015-11-04', 'R', '1');
INSERT INTO operations (operation_id, book_id, client_id, created_at, `type`, finished) VALUES ('726', '201', '320', '2015-01-22', 'S', '1');
INSERT INTO operations (operation_id, book_id, client_id, created_at, `type`, finished) VALUES ('727', '103', '57', '2015-09-12', 'R', '1');
INSERT INTO operations (operation_id, book_id, client_id, created_at, `type`, finished) VALUES ('728', '146', '263', '2016-04-04', 'L', '0');
INSERT INTO operations (operation_id, book_id, client_id, created_at, `type`, finished) VALUES ('729', '96', '361', '2016-12-01', 'L', '0');
INSERT INTO operations (operation_id, book_id, client_id, created_at, `type`, finished) VALUES ('730', '189', '441', '2016-08-16', 'L', '0');
INSERT INTO operations (operation_id, book_id, client_id, created_at, `type`, finished) VALUES ('731', '216', '102', '2015-12-13', 'L', '0');
INSERT INTO operations (operation_id, book_id, client_id, created_at, `type`, finished) VALUES ('732', '202', '340', '2016-10-15', 'L', '0');
INSERT INTO operations (operation_id, book_id, client_id, created_at, `type`, finished) VALUES ('733', '293', '47', '2015-10-21', 'R', '1');
INSERT INTO operations (operation_id, book_id, client_id, created_at, `type`, finished) VALUES ('734', '174', '68', '2016-09-19', 'L', '0');
INSERT INTO operations (operation_id, book_id, client_id, created_at, `type`, finished) VALUES ('735', '134', '277', '2016-03-03', 'S', '1');
INSERT INTO operations (operation_id, book_id, client_id, created_at, `type`, finished) VALUES ('736', '284', '487', '2016-10-26', 'S', '1');
INSERT INTO operations (operation_id, book_id, client_id, created_at, `type`, finished) VALUES ('737', '252', '408', '2015-09-18', 'L', '0');
INSERT INTO operations (operation_id, book_id, client_id, created_at, `type`, finished) VALUES ('738', '141', '79', '2015-02-14', 'L', '0');
INSERT INTO operations (operation_id, book_id, client_id, created_at, `type`, finished) VALUES ('739', '94', '490', '2015-03-06', 'S', '1');
INSERT INTO operations (operation_id, book_id, client_id, created_at, `type`, finished) VALUES ('740', '159', '34', '2016-02-20', 'S', '1');
INSERT INTO operations (operation_id, book_id, client_id, created_at, `type`, finished) VALUES ('741', '5', '199', '2015-03-15', 'R', '1');
INSERT INTO operations (operation_id, book_id, client_id, created_at, `type`, finished) VALUES ('742', '156', '497', '2016-12-12', 'L', '0');
INSERT INTO operations (operation_id, book_id, client_id, created_at, `type`, finished) VALUES ('743', '184', '435', '2015-05-26', 'R', '1');
INSERT INTO operations (operation_id, book_id, client_id, created_at, `type`, finished) VALUES ('744', '233', '408', '2015-04-23', 'S', '1');
INSERT INTO operations (operation_id, book_id, client_id, created_at, `type`, finished) VALUES ('745', '171', '158', '2015-02-23', 'L', '0');
INSERT INTO operations (operation_id, book_id, client_id, created_at, `type`, finished) VALUES ('746', '171', '465', '2015-03-04', 'R', '1');
INSERT INTO operations (operation_id, book_id, client_id, created_at, `type`, finished) VALUES ('747', '249', '46', '2015-06-03', 'L', '0');
INSERT INTO operations (operation_id, book_id, client_id, created_at, `type`, finished) VALUES ('748', '100', '32', '2015-04-26', 'R', '1');
INSERT INTO operations (operation_id, book_id, client_id, created_at, `type`, finished) VALUES ('749', '257', '267', '2015-11-13', 'S', '1');
INSERT INTO operations (operation_id, book_id, client_id, created_at, `type`, finished) VALUES ('750', '152', '52', '2015-01-19', 'L', '0');
INSERT INTO operations (operation_id, book_id, client_id, created_at, `type`, finished) VALUES ('751', '268', '7', '2016-10-17', 'S', '1');
INSERT INTO operations (operation_id, book_id, client_id, created_at, `type`, finished) VALUES ('752', '270', '78', '2016-05-24', 'L', '0');
INSERT INTO operations (operation_id, book_id, client_id, created_at, `type`, finished) VALUES ('753', '286', '139', '2015-07-20', 'S', '1');
INSERT INTO operations (operation_id, book_id, client_id, created_at, `type`, finished) VALUES ('754', '215', '100', '2015-11-04', 'S', '1');
INSERT INTO operations (operation_id, book_id, client_id, created_at, `type`, finished) VALUES ('755', '229', '98', '2015-03-10', 'R', '1');
INSERT INTO operations (operation_id, book_id, client_id, created_at, `type`, finished) VALUES ('756', '238', '318', '2015-11-30', 'R', '1');
INSERT INTO operations (operation_id, book_id, client_id, created_at, `type`, finished) VALUES ('757', '65', '109', '2015-08-18', 'S', '1');
INSERT INTO operations (operation_id, book_id, client_id, created_at, `type`, finished) VALUES ('758', '87', '485', '2015-01-15', 'R', '1');
INSERT INTO operations (operation_id, book_id, client_id, created_at, `type`, finished) VALUES ('759', '267', '427', '2016-11-21', 'L', '0');
INSERT INTO operations (operation_id, book_id, client_id, created_at, `type`, finished) VALUES ('760', '277', '181', '2016-12-09', 'L', '0');
INSERT INTO operations (operation_id, book_id, client_id, created_at, `type`, finished) VALUES ('761', '15', '307', '2015-05-07', 'L', '0');
INSERT INTO operations (operation_id, book_id, client_id, created_at, `type`, finished) VALUES ('762', '127', '16', '2015-04-02', 'R', '1');
INSERT INTO operations (operation_id, book_id, client_id, created_at, `type`, finished) VALUES ('763', '181', '215', '2015-10-29', 'L', '0');
INSERT INTO operations (operation_id, book_id, client_id, created_at, `type`, finished) VALUES ('764', '29', '200', '2015-09-14', 'R', '1');
INSERT INTO operations (operation_id, book_id, client_id, created_at, `type`, finished) VALUES ('765', '88', '45', '2015-12-02', 'S', '1');
INSERT INTO operations (operation_id, book_id, client_id, created_at, `type`, finished) VALUES ('766', '48', '472', '2016-10-19', 'R', '1');
INSERT INTO operations (operation_id, book_id, client_id, created_at, `type`, finished) VALUES ('767', '157', '278', '2015-08-24', 'R', '1');
INSERT INTO operations (operation_id, book_id, client_id, created_at, `type`, finished) VALUES ('768', '64', '419', '2016-05-18', 'R', '1');
INSERT INTO operations (operation_id, book_id, client_id, created_at, `type`, finished) VALUES ('769', '245', '161', '2015-07-08', 'S', '1');
INSERT INTO operations (operation_id, book_id, client_id, created_at, `type`, finished) VALUES ('770', '129', '334', '2015-07-30', 'S', '1');
INSERT INTO operations (operation_id, book_id, client_id, created_at, `type`, finished) VALUES ('771', '14', '362', '2015-09-05', 'S', '1');
INSERT INTO operations (operation_id, book_id, client_id, created_at, `type`, finished) VALUES ('772', '275', '241', '2016-07-05', 'L', '0');
INSERT INTO operations (operation_id, book_id, client_id, created_at, `type`, finished) VALUES ('773', '189', '481', '2016-01-29', 'L', '0');
INSERT INTO operations (operation_id, book_id, client_id, created_at, `type`, finished) VALUES ('774', '160', '454', '2016-11-07', 'L', '0');
INSERT INTO operations (operation_id, book_id, client_id, created_at, `type`, finished) VALUES ('775', '267', '115', '2016-07-20', 'L', '0');
INSERT INTO operations (operation_id, book_id, client_id, created_at, `type`, finished) VALUES ('776', '110', '460', '2015-06-10', 'L', '0');
INSERT INTO operations (operation_id, book_id, client_id, created_at, `type`, finished) VALUES ('777', '125', '434', '2015-11-04', 'S', '1');
INSERT INTO operations (operation_id, book_id, client_id, created_at, `type`, finished) VALUES ('778', '189', '341', '2015-12-31', 'L', '0');
INSERT INTO operations (operation_id, book_id, client_id, created_at, `type`, finished) VALUES ('779', '151', '312', '2015-02-18', 'R', '1');
INSERT INTO operations (operation_id, book_id, client_id, created_at, `type`, finished) VALUES ('780', '203', '288', '2015-03-17', 'L', '0');
INSERT INTO operations (operation_id, book_id, client_id, created_at, `type`, finished) VALUES ('781', '41', '280', '2016-12-05', 'R', '1');
INSERT INTO operations (operation_id, book_id, client_id, created_at, `type`, finished) VALUES ('782', '11', '438', '2016-07-18', 'R', '1');
INSERT INTO operations (operation_id, book_id, client_id, created_at, `type`, finished) VALUES ('783', '65', '69', '2016-12-07', 'R', '1');
INSERT INTO operations (operation_id, book_id, client_id, created_at, `type`, finished) VALUES ('784', '32', '347', '2016-05-22', 'S', '1');
INSERT INTO operations (operation_id, book_id, client_id, created_at, `type`, finished) VALUES ('785', '177', '226', '2016-03-31', 'L', '0');
INSERT INTO operations (operation_id, book_id, client_id, created_at, `type`, finished) VALUES ('786', '31', '14', '2016-01-08', 'S', '1');
INSERT INTO operations (operation_id, book_id, client_id, created_at, `type`, finished) VALUES ('787', '160', '167', '2015-01-26', 'R', '1');
INSERT INTO operations (operation_id, book_id, client_id, created_at, `type`, finished) VALUES ('788', '229', '113', '2016-11-29', 'S', '1');
INSERT INTO operations (operation_id, book_id, client_id, created_at, `type`, finished) VALUES ('789', '76', '163', '2015-02-24', 'R', '1');
INSERT INTO operations (operation_id, book_id, client_id, created_at, `type`, finished) VALUES ('790', '214', '451', '2015-09-22', 'L', '0');
INSERT INTO operations (operation_id, book_id, client_id, created_at, `type`, finished) VALUES ('791', '117', '399', '2016-01-01', 'S', '1');
INSERT INTO operations (operation_id, book_id, client_id, created_at, `type`, finished) VALUES ('792', '127', '56', '2016-05-20', 'R', '1');
INSERT INTO operations (operation_id, book_id, client_id, created_at, `type`, finished) VALUES ('793', '206', '100', '2015-12-09', 'L', '0');
INSERT INTO operations (operation_id, book_id, client_id, created_at, `type`, finished) VALUES ('794', '218', '415', '2015-10-20', 'R', '1');
INSERT INTO operations (operation_id, book_id, client_id, created_at, `type`, finished) VALUES ('795', '49', '482', '2015-01-06', 'S', '1');
INSERT INTO operations (operation_id, book_id, client_id, created_at, `type`, finished) VALUES ('796', '90', '396', '2016-11-21', 'L', '0');
INSERT INTO operations (operation_id, book_id, client_id, created_at, `type`, finished) VALUES ('797', '295', '263', '2015-07-13', 'L', '0');
INSERT INTO operations (operation_id, book_id, client_id, created_at, `type`, finished) VALUES ('798', '13', '155', '2015-09-16', 'R', '1');
INSERT INTO operations (operation_id, book_id, client_id, created_at, `type`, finished) VALUES ('799', '218', '418', '2016-12-06', 'L', '0');
INSERT INTO operations (operation_id, book_id, client_id, created_at, `type`, finished) VALUES ('800', '72', '213', '2016-06-04', 'R', '1');
INSERT INTO operations (operation_id, book_id, client_id, created_at, `type`, finished) VALUES ('801', '143', '103', '2016-11-27', 'R', '1');
INSERT INTO operations (operation_id, book_id, client_id, created_at, `type`, finished) VALUES ('802', '37', '258', '2016-05-22', 'R', '1');
INSERT INTO operations (operation_id, book_id, client_id, created_at, `type`, finished) VALUES ('803', '131', '307', '2015-07-13', 'L', '0');
INSERT INTO operations (operation_id, book_id, client_id, created_at, `type`, finished) VALUES ('804', '80', '307', '2016-05-22', 'L', '0');
INSERT INTO operations (operation_id, book_id, client_id, created_at, `type`, finished) VALUES ('805', '162', '58', '2016-06-20', 'R', '1');
INSERT INTO operations (operation_id, book_id, client_id, created_at, `type`, finished) VALUES ('806', '158', '217', '2016-10-18', 'S', '1');
INSERT INTO operations (operation_id, book_id, client_id, created_at, `type`, finished) VALUES ('807', '173', '325', '2015-01-04', 'R', '1');
INSERT INTO operations (operation_id, book_id, client_id, created_at, `type`, finished) VALUES ('808', '65', '192', '2016-02-03', 'S', '1');
INSERT INTO operations (operation_id, book_id, client_id, created_at, `type`, finished) VALUES ('809', '285', '296', '2015-03-05', 'S', '1');
INSERT INTO operations (operation_id, book_id, client_id, created_at, `type`, finished) VALUES ('810', '174', '260', '2016-06-19', 'R', '1');
INSERT INTO operations (operation_id, book_id, client_id, created_at, `type`, finished) VALUES ('811', '125', '67', '2015-04-08', 'L', '0');
INSERT INTO operations (operation_id, book_id, client_id, created_at, `type`, finished) VALUES ('812', '200', '468', '2016-08-24', 'S', '1');
INSERT INTO operations (operation_id, book_id, client_id, created_at, `type`, finished) VALUES ('813', '43', '100', '2015-01-08', 'L', '0');
INSERT INTO operations (operation_id, book_id, client_id, created_at, `type`, finished) VALUES ('814', '163', '423', '2016-04-27', 'R', '1');
INSERT INTO operations (operation_id, book_id, client_id, created_at, `type`, finished) VALUES ('815', '58', '269', '2016-02-21', 'R', '1');
INSERT INTO operations (operation_id, book_id, client_id, created_at, `type`, finished) VALUES ('816', '47', '342', '2016-10-16', 'S', '1');
INSERT INTO operations (operation_id, book_id, client_id, created_at, `type`, finished) VALUES ('817', '199', '311', '2016-03-02', 'R', '1');
INSERT INTO operations (operation_id, book_id, client_id, created_at, `type`, finished) VALUES ('818', '60', '200', '2015-06-30', 'L', '0');
INSERT INTO operations (operation_id, book_id, client_id, created_at, `type`, finished) VALUES ('819', '88', '61', '2016-01-22', 'S', '1');
INSERT INTO operations (operation_id, book_id, client_id, created_at, `type`, finished) VALUES ('820', '51', '100', '2015-04-11', 'L', '0');
INSERT INTO operations (operation_id, book_id, client_id, created_at, `type`, finished) VALUES ('821', '225', '301', '2016-06-30', 'R', '1');
INSERT INTO operations (operation_id, book_id, client_id, created_at, `type`, finished) VALUES ('822', '125', '407', '2016-04-30', 'S', '1');
INSERT INTO operations (operation_id, book_id, client_id, created_at, `type`, finished) VALUES ('823', '46', '471', '2016-09-13', 'S', '1');
INSERT INTO operations (operation_id, book_id, client_id, created_at, `type`, finished) VALUES ('824', '118', '35', '2015-11-03', 'L', '0');
INSERT INTO operations (operation_id, book_id, client_id, created_at, `type`, finished) VALUES ('825', '65', '141', '2016-06-09', 'R', '1');
INSERT INTO operations (operation_id, book_id, client_id, created_at, `type`, finished) VALUES ('826', '16', '156', '2016-08-24', 'R', '1');
INSERT INTO operations (operation_id, book_id, client_id, created_at, `type`, finished) VALUES ('827', '35', '332', '2015-02-14', 'R', '1');
INSERT INTO operations (operation_id, book_id, client_id, created_at, `type`, finished) VALUES ('828', '126', '187', '2015-03-09', 'L', '0');
INSERT INTO operations (operation_id, book_id, client_id, created_at, `type`, finished) VALUES ('829', '38', '383', '2015-04-02', 'R', '1');
INSERT INTO operations (operation_id, book_id, client_id, created_at, `type`, finished) VALUES ('830', '200', '19', '2016-11-07', 'R', '1');
INSERT INTO operations (operation_id, book_id, client_id, created_at, `type`, finished) VALUES ('831', '79', '180', '2016-02-14', 'S', '1');
INSERT INTO operations (operation_id, book_id, client_id, created_at, `type`, finished) VALUES ('832', '73', '182', '2015-11-18', 'R', '1');
INSERT INTO operations (operation_id, book_id, client_id, created_at, `type`, finished) VALUES ('833', '60', '490', '2016-07-09', 'S', '1');
INSERT INTO operations (operation_id, book_id, client_id, created_at, `type`, finished) VALUES ('834', '135', '409', '2015-09-23', 'S', '1');
INSERT INTO operations (operation_id, book_id, client_id, created_at, `type`, finished) VALUES ('835', '207', '168', '2015-05-03', 'S', '1');
INSERT INTO operations (operation_id, book_id, client_id, created_at, `type`, finished) VALUES ('836', '124', '230', '2016-11-08', 'S', '1');
INSERT INTO operations (operation_id, book_id, client_id, created_at, `type`, finished) VALUES ('837', '167', '77', '2016-04-12', 'R', '1');
INSERT INTO operations (operation_id, book_id, client_id, created_at, `type`, finished) VALUES ('838', '103', '228', '2015-05-19', 'R', '1');
INSERT INTO operations (operation_id, book_id, client_id, created_at, `type`, finished) VALUES ('839', '11', '321', '2015-04-21', 'S', '1');
INSERT INTO operations (operation_id, book_id, client_id, created_at, `type`, finished) VALUES ('840', '145', '453', '2015-10-28', 'S', '1');
INSERT INTO operations (operation_id, book_id, client_id, created_at, `type`, finished) VALUES ('841', '57', '112', '2016-08-01', 'R', '1');
INSERT INTO operations (operation_id, book_id, client_id, created_at, `type`, finished) VALUES ('842', '173', '253', '2015-11-07', 'L', '0');
INSERT INTO operations (operation_id, book_id, client_id, created_at, `type`, finished) VALUES ('843', '100', '490', '2015-07-14', 'L', '0');
INSERT INTO operations (operation_id, book_id, client_id, created_at, `type`, finished) VALUES ('844', '9', '329', '2016-12-03', 'S', '1');
INSERT INTO operations (operation_id, book_id, client_id, created_at, `type`, finished) VALUES ('845', '217', '221', '2015-10-30', 'S', '1');
INSERT INTO operations (operation_id, book_id, client_id, created_at, `type`, finished) VALUES ('846', '151', '162', '2015-07-14', 'S', '1');
INSERT INTO operations (operation_id, book_id, client_id, created_at, `type`, finished) VALUES ('847', '285', '46', '2016-11-05', 'S', '1');
INSERT INTO operations (operation_id, book_id, client_id, created_at, `type`, finished) VALUES ('848', '179', '379', '2016-10-24', 'S', '1');
INSERT INTO operations (operation_id, book_id, client_id, created_at, `type`, finished) VALUES ('849', '9', '163', '2016-05-26', 'R', '1');
INSERT INTO operations (operation_id, book_id, client_id, created_at, `type`, finished) VALUES ('850', '22', '243', '2015-08-18', 'L', '0');
INSERT INTO operations (operation_id, book_id, client_id, created_at, `type`, finished) VALUES ('851', '194', '500', '2015-04-01', 'S', '1');
INSERT INTO operations (operation_id, book_id, client_id, created_at, `type`, finished) VALUES ('852', '111', '164', '2015-07-10', 'L', '0');
INSERT INTO operations (operation_id, book_id, client_id, created_at, `type`, finished) VALUES ('853', '158', '459', '2016-10-06', 'L', '0');
INSERT INTO operations (operation_id, book_id, client_id, created_at, `type`, finished) VALUES ('854', '112', '377', '2016-04-09', 'L', '0');
INSERT INTO operations (operation_id, book_id, client_id, created_at, `type`, finished) VALUES ('855', '107', '225', '2016-08-28', 'S', '1');
INSERT INTO operations (operation_id, book_id, client_id, created_at, `type`, finished) VALUES ('856', '282', '326', '2016-05-29', 'L', '0');
INSERT INTO operations (operation_id, book_id, client_id, created_at, `type`, finished) VALUES ('857', '134', '164', '2015-12-18', 'L', '0');
INSERT INTO operations (operation_id, book_id, client_id, created_at, `type`, finished) VALUES ('858', '139', '362', '2015-05-03', 'R', '1');
INSERT INTO operations (operation_id, book_id, client_id, created_at, `type`, finished) VALUES ('859', '147', '319', '2016-10-02', 'L', '0');
INSERT INTO operations (operation_id, book_id, client_id, created_at, `type`, finished) VALUES ('860', '257', '417', '2016-10-09', 'R', '1');
INSERT INTO operations (operation_id, book_id, client_id, created_at, `type`, finished) VALUES ('861', '74', '484', '2015-12-22', 'L', '0');
INSERT INTO operations (operation_id, book_id, client_id, created_at, `type`, finished) VALUES ('862', '211', '126', '2016-11-02', 'L', '0');
INSERT INTO operations (operation_id, book_id, client_id, created_at, `type`, finished) VALUES ('863', '249', '76', '2015-04-25', 'S', '1');
INSERT INTO operations (operation_id, book_id, client_id, created_at, `type`, finished) VALUES ('864', '163', '495', '2016-09-09', 'R', '1');
INSERT INTO operations (operation_id, book_id, client_id, created_at, `type`, finished) VALUES ('865', '76', '7', '2016-03-25', 'S', '1');
INSERT INTO operations (operation_id, book_id, client_id, created_at, `type`, finished) VALUES ('866', '279', '491', '2016-09-07', 'S', '1');
INSERT INTO operations (operation_id, book_id, client_id, created_at, `type`, finished) VALUES ('867', '278', '182', '2015-01-14', 'R', '1');
INSERT INTO operations (operation_id, book_id, client_id, created_at, `type`, finished) VALUES ('868', '77', '337', '2015-07-02', 'S', '1');
INSERT INTO operations (operation_id, book_id, client_id, created_at, `type`, finished) VALUES ('869', '48', '366', '2015-06-30', 'R', '1');
INSERT INTO operations (operation_id, book_id, client_id, created_at, `type`, finished) VALUES ('870', '270', '187', '2015-01-15', 'S', '1');
INSERT INTO operations (operation_id, book_id, client_id, created_at, `type`, finished) VALUES ('871', '293', '474', '2016-06-10', 'S', '1');
INSERT INTO operations (operation_id, book_id, client_id, created_at, `type`, finished) VALUES ('872', '187', '299', '2016-06-03', 'S', '1');
INSERT INTO operations (operation_id, book_id, client_id, created_at, `type`, finished) VALUES ('873', '142', '288', '2015-09-01', 'S', '1');
INSERT INTO operations (operation_id, book_id, client_id, created_at, `type`, finished) VALUES ('874', '178', '448', '2015-07-10', 'R', '1');
INSERT INTO operations (operation_id, book_id, client_id, created_at, `type`, finished) VALUES ('875', '218', '180', '2016-06-09', 'L', '0');
INSERT INTO operations (operation_id, book_id, client_id, created_at, `type`, finished) VALUES ('876', '256', '430', '2015-12-25', 'R', '1');
INSERT INTO operations (operation_id, book_id, client_id, created_at, `type`, finished) VALUES ('877', '89', '283', '2016-01-08', 'S', '1');
INSERT INTO operations (operation_id, book_id, client_id, created_at, `type`, finished) VALUES ('878', '132', '442', '2016-02-05', 'S', '1');
INSERT INTO operations (operation_id, book_id, client_id, created_at, `type`, finished) VALUES ('879', '45', '132', '2016-03-21', 'R', '1');
INSERT INTO operations (operation_id, book_id, client_id, created_at, `type`, finished) VALUES ('880', '177', '210', '2015-02-08', 'L', '0');
INSERT INTO operations (operation_id, book_id, client_id, created_at, `type`, finished) VALUES ('881', '217', '363', '2015-10-28', 'R', '1');
INSERT INTO operations (operation_id, book_id, client_id, created_at, `type`, finished) VALUES ('882', '291', '444', '2016-09-10', 'R', '1');
INSERT INTO operations (operation_id, book_id, client_id, created_at, `type`, finished) VALUES ('883', '271', '76', '2015-04-08', 'L', '0');
INSERT INTO operations (operation_id, book_id, client_id, created_at, `type`, finished) VALUES ('884', '85', '33', '2016-06-29', 'S', '1');
INSERT INTO operations (operation_id, book_id, client_id, created_at, `type`, finished) VALUES ('885', '133', '489', '2015-09-07', 'R', '1');
INSERT INTO operations (operation_id, book_id, client_id, created_at, `type`, finished) VALUES ('886', '279', '367', '2015-12-03', 'S', '1');
INSERT INTO operations (operation_id, book_id, client_id, created_at, `type`, finished) VALUES ('887', '278', '100', '2016-11-10', 'L', '0');
INSERT INTO operations (operation_id, book_id, client_id, created_at, `type`, finished) VALUES ('888', '168', '100', '2016-07-08', 'S', '1');
INSERT INTO operations (operation_id, book_id, client_id, created_at, `type`, finished) VALUES ('889', '153', '384', '2016-04-06', 'R', '1');
INSERT INTO operations (operation_id, book_id, client_id, created_at, `type`, finished) VALUES ('890', '62', '448', '2015-01-15', 'R', '1');
INSERT INTO operations (operation_id, book_id, client_id, created_at, `type`, finished) VALUES ('891', '192', '245', '2016-07-19', 'S', '1');
INSERT INTO operations (operation_id, book_id, client_id, created_at, `type`, finished) VALUES ('892', '5', '327', '2016-02-22', 'L', '0');
INSERT INTO operations (operation_id, book_id, client_id, created_at, `type`, finished) VALUES ('893', '126', '345', '2016-04-19', 'L', '0');
INSERT INTO operations (operation_id, book_id, client_id, created_at, `type`, finished) VALUES ('894', '243', '89', '2015-04-23', 'S', '1');
INSERT INTO operations (operation_id, book_id, client_id, created_at, `type`, finished) VALUES ('895', '176', '435', '2015-02-28', 'R', '1');
INSERT INTO operations (operation_id, book_id, client_id, created_at, `type`, finished) VALUES ('896', '107', '452', '2016-10-30', 'S', '1');
INSERT INTO operations (operation_id, book_id, client_id, created_at, `type`, finished) VALUES ('897', '164', '76', '2016-12-16', 'L', '0');
INSERT INTO operations (operation_id, book_id, client_id, created_at, `type`, finished) VALUES ('898', '184', '469', '2016-04-14', 'S', '1');
INSERT INTO operations (operation_id, book_id, client_id, created_at, `type`, finished) VALUES ('899', '193', '213', '2015-04-19', 'L', '0');
INSERT INTO operations (operation_id, book_id, client_id, created_at, `type`, finished) VALUES ('900', '31', '123', '2016-08-03', 'R', '1');
INSERT INTO operations (operation_id, book_id, client_id, created_at, `type`, finished) VALUES ('901', '152', '91', '2015-10-22', 'R', '1');
INSERT INTO operations (operation_id, book_id, client_id, created_at, `type`, finished) VALUES ('902', '206', '288', '2015-05-18', 'R', '1');
INSERT INTO operations (operation_id, book_id, client_id, created_at, `type`, finished) VALUES ('903', '88', '319', '2015-01-14', 'L', '0');
INSERT INTO operations (operation_id, book_id, client_id, created_at, `type`, finished) VALUES ('904', '35', '96', '2015-01-08', 'R', '1');
INSERT INTO operations (operation_id, book_id, client_id, created_at, `type`, finished) VALUES ('905', '56', '444', '2016-07-30', 'R', '1');
INSERT INTO operations (operation_id, book_id, client_id, created_at, `type`, finished) VALUES ('906', '257', '257', '2016-01-19', 'R', '1');
INSERT INTO operations (operation_id, book_id, client_id, created_at, `type`, finished) VALUES ('907', '272', '348', '2015-09-14', 'L', '0');
INSERT INTO operations (operation_id, book_id, client_id, created_at, `type`, finished) VALUES ('908', '224', '142', '2016-10-12', 'L', '0');
INSERT INTO operations (operation_id, book_id, client_id, created_at, `type`, finished) VALUES ('909', '169', '317', '2015-08-19', 'S', '1');
INSERT INTO operations (operation_id, book_id, client_id, created_at, `type`, finished) VALUES ('910', '163', '363', '2016-07-12', 'S', '1');
INSERT INTO operations (operation_id, book_id, client_id, created_at, `type`, finished) VALUES ('911', '80', '244', '2015-05-26', 'S', '1');
INSERT INTO operations (operation_id, book_id, client_id, created_at, `type`, finished) VALUES ('912', '27', '418', '2015-02-05', 'L', '0');
INSERT INTO operations (operation_id, book_id, client_id, created_at, `type`, finished) VALUES ('913', '180', '374', '2015-01-02', 'L', '0');
INSERT INTO operations (operation_id, book_id, client_id, created_at, `type`, finished) VALUES ('914', '140', '141', '2016-02-12', 'S', '1');
INSERT INTO operations (operation_id, book_id, client_id, created_at, `type`, finished) VALUES ('915', '267', '265', '2016-07-01', 'R', '1');
INSERT INTO operations (operation_id, book_id, client_id, created_at, `type`, finished) VALUES ('916', '101', '49', '2015-07-30', 'R', '1');
INSERT INTO operations (operation_id, book_id, client_id, created_at, `type`, finished) VALUES ('917', '268', '345', '2015-08-02', 'S', '1');
INSERT INTO operations (operation_id, book_id, client_id, created_at, `type`, finished) VALUES ('918', '41', '252', '2016-07-21', 'R', '1');
INSERT INTO operations (operation_id, book_id, client_id, created_at, `type`, finished) VALUES ('919', '148', '120', '2015-08-14', 'S', '1');
INSERT INTO operations (operation_id, book_id, client_id, created_at, `type`, finished) VALUES ('920', '19', '286', '2015-06-30', 'R', '1');
INSERT INTO operations (operation_id, book_id, client_id, created_at, `type`, finished) VALUES ('921', '63', '344', '2015-12-23', 'R', '1');
INSERT INTO operations (operation_id, book_id, client_id, created_at, `type`, finished) VALUES ('922', '52', '375', '2015-12-19', 'L', '0');
INSERT INTO operations (operation_id, book_id, client_id, created_at, `type`, finished) VALUES ('923', '118', '101', '2016-07-13', 'S', '1');
INSERT INTO operations (operation_id, book_id, client_id, created_at, `type`, finished) VALUES ('924', '220', '56', '2015-03-19', 'R', '1');
INSERT INTO operations (operation_id, book_id, client_id, created_at, `type`, finished) VALUES ('925', '174', '428', '2015-01-20', 'L', '0');
INSERT INTO operations (operation_id, book_id, client_id, created_at, `type`, finished) VALUES ('926', '192', '433', '2016-11-08', 'L', '0');
INSERT INTO operations (operation_id, book_id, client_id, created_at, `type`, finished) VALUES ('927', '168', '294', '2015-05-08', 'S', '1');
INSERT INTO operations (operation_id, book_id, client_id, created_at, `type`, finished) VALUES ('928', '27', '246', '2015-02-26', 'R', '1');
INSERT INTO operations (operation_id, book_id, client_id, created_at, `type`, finished) VALUES ('929', '150', '291', '2015-03-28', 'R', '1');
INSERT INTO operations (operation_id, book_id, client_id, created_at, `type`, finished) VALUES ('930', '167', '204', '2016-04-18', 'L', '0');
INSERT INTO operations (operation_id, book_id, client_id, created_at, `type`, finished) VALUES ('931', '103', '112', '2016-05-27', 'S', '1');
INSERT INTO operations (operation_id, book_id, client_id, created_at, `type`, finished) VALUES ('932', '22', '479', '2015-01-16', 'R', '1');
INSERT INTO operations (operation_id, book_id, client_id, created_at, `type`, finished) VALUES ('933', '73', '337', '2015-11-27', 'L', '0');
INSERT INTO operations (operation_id, book_id, client_id, created_at, `type`, finished) VALUES ('934', '44', '42', '2016-10-29', 'R', '1');
INSERT INTO operations (operation_id, book_id, client_id, created_at, `type`, finished) VALUES ('935', '236', '225', '2016-03-16', 'L', '0');
INSERT INTO operations (operation_id, book_id, client_id, created_at, `type`, finished) VALUES ('936', '85', '25', '2016-10-21', 'L', '0');
INSERT INTO operations (operation_id, book_id, client_id, created_at, `type`, finished) VALUES ('937', '149', '171', '2015-07-25', 'S', '1');
INSERT INTO operations (operation_id, book_id, client_id, created_at, `type`, finished) VALUES ('938', '120', '70', '2016-01-14', 'L', '0');
INSERT INTO operations (operation_id, book_id, client_id, created_at, `type`, finished) VALUES ('939', '132', '31', '2016-11-05', 'R', '1');
INSERT INTO operations (operation_id, book_id, client_id, created_at, `type`, finished) VALUES ('940', '19', '494', '2016-02-25', 'L', '0');
INSERT INTO operations (operation_id, book_id, client_id, created_at, `type`, finished) VALUES ('941', '168', '289', '2016-02-20', 'S', '1');
INSERT INTO operations (operation_id, book_id, client_id, created_at, `type`, finished) VALUES ('942', '219', '107', '2015-02-03', 'L', '0');
INSERT INTO operations (operation_id, book_id, client_id, created_at, `type`, finished) VALUES ('943', '185', '335', '2016-01-30', 'R', '1');
INSERT INTO operations (operation_id, book_id, client_id, created_at, `type`, finished) VALUES ('944', '62', '311', '2015-02-12', 'S', '1');
INSERT INTO operations (operation_id, book_id, client_id, created_at, `type`, finished) VALUES ('945', '283', '403', '2016-02-26', 'R', '1');
INSERT INTO operations (operation_id, book_id, client_id, created_at, `type`, finished) VALUES ('946', '83', '196', '2015-02-06', 'S', '1');
INSERT INTO operations (operation_id, book_id, client_id, created_at, `type`, finished) VALUES ('947', '4', '74', '2015-01-03', 'R', '1');
INSERT INTO operations (operation_id, book_id, client_id, created_at, `type`, finished) VALUES ('948', '251', '101', '2015-08-07', 'L', '0');
INSERT INTO operations (operation_id, book_id, client_id, created_at, `type`, finished) VALUES ('949', '63', '234', '2016-03-15', 'R', '1');
INSERT INTO operations (operation_id, book_id, client_id, created_at, `type`, finished) VALUES ('950', '78', '479', '2016-03-30', 'L', '0');
INSERT INTO operations (operation_id, book_id, client_id, created_at, `type`, finished) VALUES ('951', '234', '277', '2015-06-27', 'S', '1');
INSERT INTO operations (operation_id, book_id, client_id, created_at, `type`, finished) VALUES ('952', '166', '334', '2015-09-11', 'S', '1');
INSERT INTO operations (operation_id, book_id, client_id, created_at, `type`, finished) VALUES ('953', '142', '406', '2016-10-01', 'R', '1');
INSERT INTO operations (operation_id, book_id, client_id, created_at, `type`, finished) VALUES ('954', '214', '109', '2016-08-23', 'S', '1');
INSERT INTO operations (operation_id, book_id, client_id, created_at, `type`, finished) VALUES ('955', '255', '374', '2015-07-21', 'L', '0');
INSERT INTO operations (operation_id, book_id, client_id, created_at, `type`, finished) VALUES ('956', '130', '240', '2016-09-27', 'R', '1');
INSERT INTO operations (operation_id, book_id, client_id, created_at, `type`, finished) VALUES ('957', '64', '335', '2015-02-15', 'R', '1');
INSERT INTO operations (operation_id, book_id, client_id, created_at, `type`, finished) VALUES ('958', '185', '202', '2015-06-20', 'L', '0');
INSERT INTO operations (operation_id, book_id, client_id, created_at, `type`, finished) VALUES ('959', '271', '43', '2015-02-03', 'S', '1');
INSERT INTO operations (operation_id, book_id, client_id, created_at, `type`, finished) VALUES ('960', '232', '37', '2015-06-08', 'R', '1');
INSERT INTO operations (operation_id, book_id, client_id, created_at, `type`, finished) VALUES ('961', '260', '51', '2016-11-28', 'S', '1');
INSERT INTO operations (operation_id, book_id, client_id, created_at, `type`, finished) VALUES ('962', '220', '255', '2015-10-14', 'L', '0');
INSERT INTO operations (operation_id, book_id, client_id, created_at, `type`, finished) VALUES ('963', '201', '220', '2015-09-17', 'L', '0');
INSERT INTO operations (operation_id, book_id, client_id, created_at, `type`, finished) VALUES ('964', '52', '203', '2015-05-12', 'S', '1');
INSERT INTO operations (operation_id, book_id, client_id, created_at, `type`, finished) VALUES ('965', '111', '11', '2016-01-18', 'L', '0');
INSERT INTO operations (operation_id, book_id, client_id, created_at, `type`, finished) VALUES ('966', '172', '243', '2015-10-22', 'R', '1');
INSERT INTO operations (operation_id, book_id, client_id, created_at, `type`, finished) VALUES ('967', '275', '344', '2016-05-15', 'L', '0');
INSERT INTO operations (operation_id, book_id, client_id, created_at, `type`, finished) VALUES ('968', '88', '338', '2016-05-27', 'S', '1');
INSERT INTO operations (operation_id, book_id, client_id, created_at, `type`, finished) VALUES ('969', '177', '382', '2015-06-21', 'S', '1');
INSERT INTO operations (operation_id, book_id, client_id, created_at, `type`, finished) VALUES ('970', '269', '220', '2016-10-04', 'L', '0');
INSERT INTO operations (operation_id, book_id, client_id, created_at, `type`, finished) VALUES ('971', '286', '207', '2015-01-11', 'L', '0');
INSERT INTO operations (operation_id, book_id, client_id, created_at, `type`, finished) VALUES ('972', '14', '342', '2016-10-05', 'S', '1');
INSERT INTO operations (operation_id, book_id, client_id, created_at, `type`, finished) VALUES ('973', '148', '252', '2016-04-02', 'S', '1');
INSERT INTO operations (operation_id, book_id, client_id, created_at, `type`, finished) VALUES ('974', '270', '182', '2016-12-26', 'L', '0');
INSERT INTO operations (operation_id, book_id, client_id, created_at, `type`, finished) VALUES ('975', '184', '191', '2016-05-15', 'S', '1');
INSERT INTO operations (operation_id, book_id, client_id, created_at, `type`, finished) VALUES ('976', '145', '266', '2015-10-03', 'L', '0');
INSERT INTO operations (operation_id, book_id, client_id, created_at, `type`, finished) VALUES ('977', '218', '217', '2016-10-21', 'L', '0');
INSERT INTO operations (operation_id, book_id, client_id, created_at, `type`, finished) VALUES ('978', '7', '412', '2015-04-03', 'S', '1');
INSERT INTO operations (operation_id, book_id, client_id, created_at, `type`, finished) VALUES ('979', '164', '109', '2016-01-06', 'L', '0');
INSERT INTO operations (operation_id, book_id, client_id, created_at, `type`, finished) VALUES ('980', '119', '460', '2015-12-10', 'R', '1');
INSERT INTO operations (operation_id, book_id, client_id, created_at, `type`, finished) VALUES ('981', '127', '141', '2016-06-19', 'R', '1');
INSERT INTO operations (operation_id, book_id, client_id, created_at, `type`, finished) VALUES ('982', '202', '485', '2016-08-23', 'L', '0');
INSERT INTO operations (operation_id, book_id, client_id, created_at, `type`, finished) VALUES ('983', '269', '408', '2016-04-27', 'L', '0');
INSERT INTO operations (operation_id, book_id, client_id, created_at, `type`, finished) VALUES ('984', '188', '155', '2016-05-19', 'R', '1');
INSERT INTO operations (operation_id, book_id, client_id, created_at, `type`, finished) VALUES ('985', '153', '155', '2015-11-14', 'S', '1');
INSERT INTO operations (operation_id, book_id, client_id, created_at, `type`, finished) VALUES ('986', '10', '100', '2016-02-05', 'R', '1');
INSERT INTO operations (operation_id, book_id, client_id, created_at, `type`, finished) VALUES ('987', '26', '251', '2016-05-18', 'S', '1');
INSERT INTO operations (operation_id, book_id, client_id, created_at, `type`, finished) VALUES ('988', '10', '9', '2015-01-05', 'L', '0');
INSERT INTO operations (operation_id, book_id, client_id, created_at, `type`, finished) VALUES ('989', '147', '132', '2015-05-07', 'S', '1');
INSERT INTO operations (operation_id, book_id, client_id, created_at, `type`, finished) VALUES ('990', '247', '92', '2015-03-01', 'R', '1');
INSERT INTO operations (operation_id, book_id, client_id, created_at, `type`, finished) VALUES ('991', '204', '496', '2016-04-29', 'R', '1');
INSERT INTO operations (operation_id, book_id, client_id, created_at, `type`, finished) VALUES ('992', '87', '11', '2016-03-02', 'S', '1');
INSERT INTO operations (operation_id, book_id, client_id, created_at, `type`, finished) VALUES ('993', '119', '460', '2016-09-26', 'S', '1');
INSERT INTO operations (operation_id, book_id, client_id, created_at, `type`, finished) VALUES ('994', '53', '374', '2016-02-14', 'S', '1');
INSERT INTO operations (operation_id, book_id, client_id, created_at, `type`, finished) VALUES ('995', '244', '345', '2015-12-20', 'L', '0');
INSERT INTO operations (operation_id, book_id, client_id, created_at, `type`, finished) VALUES ('996', '37', '300', '2015-05-20', 'L', '0');
INSERT INTO operations (operation_id, book_id, client_id, created_at, `type`, finished) VALUES ('997', '95', '406', '2015-09-19', 'S', '1');
INSERT INTO operations (operation_id, book_id, client_id, created_at, `type`, finished) VALUES ('998', '186', '157', '2016-12-25', 'R', '1');
INSERT INTO operations (operation_id, book_id, client_id, created_at, `type`, finished) VALUES ('999', '195', '242', '2015-06-15', 'R', '1');
INSERT INTO operations (operation_id, book_id, client_id, created_at, `type`, finished) VALUES ('1000', '122', '460', '2016-01-11', 'R', '1');