operation_id,book_id,client_id,created_at,`type`,finished
1,147,304,2015-08-04,L,0
2,229,394,2015-10-09,R,1
3,147,173,2016-01-18,L,0
4,10,415,2016-11-17,R,1
5,110,106,2015-02-25,L,0
6,52,176,2016-05-13,L,0
7,87,118,2016-02-07,R,1
8,195,20,2015-04-03,R,1
9,250,86,2015-09-26,L,0
10,151,78,2016-12-02,R,1
11,57,129,2016-05-17,L,0
12,28,137,2016-05-16,L,0
13,124,6,2015-04-24,R,1
14,116,61,2016-02-28,R,1
15,241,351,2016-05-11,R,1
16,285,31,2016-04-07,R,1
17,201,489,2016-05-21,R,1
18,187,48,2015-05-03,R,1
19,214,212,2016-05-06,S,1
20,6,454,2015-08-06,R,1
21,280,176,2016-10-18,S,1
22,1,339,2015-11-03,L,0
23,126,223,2016-01-14,R,1
24,74,168,2015-08-02,S,1
25,64,9,2016-10-17,S,1
26,176,391,2016-04-19,R,1
27,206,19,2016-11-23,S,1
28,281,74,2016-12-12,R,1
29,107,499,2016-06-27,L,0
30,36,450,2015-12-02,S,1
31,92,304,2015-04-23,R,1
32,214,252,2016-09-06,L,0
33,57,331,2015-09-07,R,1
34,184,91,2015-06-30,R,1
35,207,358,2015-08-14,R,1
36,70,184,2015-05-10,R,1
37,97,263,2016-09-12,L,0
38,39,61,2015-03-19,R,1
39,73,335,2015-02-14,S,1
40,77,158,2016-09-09,L,0
41,239,273,2015-05-11,R,1
42,29,63,2016-02-10,S,1
43,167,366,2015-04-11,L,0
44,267,111,2016-03-13,L,0
45,249,320,2016-10-31,L,0
46,65,31,2016-10-04,L,0
47,18,272,2015-05-15,S,1
48,135,286,2015-09-15,L,0
49,49,51,2015-03-19,S,1
50,233,11,2015-10-06,R,1
51,8,482,2016-06-19,S,1
52,40,123,2015-05-21,R,1
53,225,425,2016-04-03,S,1
54,293,14,2015-11-04,R,1
55,218,23,2015-02-24,L,0
56,177,61,2016-02-12,R,1
57,94,347,2015-05-21,L,0
58,108,356,2015-12-09,R,1
59,228,41,2015-05-17,R,1
60,46,165,2015-06-27,L,0
61,269,191,2016-02-22,L,0
62,122,428,2015-04-28,L,0
63,282,,2015-01-13,R,1
64,104,343,2016-09-29,L,0
65,184,207,2015-12-13,S,1
66,39,30,2016-11-16,S,1
67,170,346,2016-06-09,S,1
68,178,427,2015-09-14,S,1
69,152,138,2015-02-23,L,0
70,110,226,2015-07-04,R,1
71,73,389,2016-10-17,L,0
72,36,303,2015-08-30,L,0
73,50,325,2016-10-16,R,1
74,195,296,2016-09-16,S,1
75,268,259,2016-08-19,L,0
76,185,85,2015-02-07,L,0
77,183,323,2015-10-05,S,1
78,282,443,2016-06-15,S,1
79,78,,2015-04-28,R,1
80,214,75,2016-09-11,S,1
81,139,313,2015-04-12,S,1
82,248,364,2016-03-02,L,0
83,163,27,2016-04-08,S,1
84,7,241,2015-12-15,S,1
85,59,132,2016-08-11,S,1
86,35,357,2016-06-10,S,1
87,13,199,2016-09-12,R,1
88,203,283,2015-09-13,L,0
89,281,148,2015-02-09,L,0
90,41,23,2015-01-28,S,1
91,44,315,2016-08-10,R,1
92,63,34,2016-02-23,S,1
93,209,247,2015-01-30,L,0
94,145,109,2016-08-11,S,1
95,99,168,2015-09-18,S,1
96,101,365,2016-02-15,S,1
97,158,178,2016-09-27,R,1
98,202,250,2016-03-06,S,1
99,259,203,2016-03-27,L,0
100,195,351,2016-12-19,S,1
101,40,42,2015-11-27,L,0
102,218,458,2015-09-16,R,1
103,278,474,2016-01-01,R,1
104,20,234,2015-04-08,L,0
105,61,395,2016-12-05,S,1
106,169,5,2016-05-23,R,1
107,248,376,2016-10-09,R,1
108,164,387,2016-03-12,R,1
109,183,419,2016-05-22,R,1
110,141,348,2016-08-02,S,1
111,109,116,2015-06-27,R,1
112,33,91,2015-07-08,L,0
113,137,49,2016-03-28,S,1
114,140,124,2016-12-11,R,1
115,98,102,2016-03-23,S,1
116,78,363,2015-04-02,S,1
117,267,388,2016-08-11,L,0
118,113,62,2016-10-03,S,1
119,237,168,2015-11-28,R,1
120,290,326,2016-04-15,R,1
121,177,321,2015-03-31,R,1
122,245,232,2016-04-24,L,0
123,205,36,2015-06-26,S,1
124,254,252,2015-03-22,L,0
125,243,499,2015-07-08,R,1
126,25,328,2016-12-03,R,1
127,31,38,2015-06-24,R,1
128,132,268,2016-03-22,S,1
129,267,29,2016-12-10,S,1
130,43,178,2016-05-06,S,1
131,51,364,2015-11-25,R,1
132,203,466,2016-01-29,R,1
133,166,31,2016-03-12,L,0
134,212,151,2016-09-13,S,1
135,287,458,2015-10-26,R,1
136,223,50,2015-03-12,L,0
137,55,192,2015-03-03,S,1
138,65,240,2016-01-08,R,1
139,267,316,2016-10-07,S,1
140,72,443,2015-02-23,S,1
141,132,419,2015-12-19,L,0
142,241,24,2015-05-08,S,1
143,208,426,2016-10-07,S,1
144,83,417,2015-06-18,L,0
145,52,148,2015-03-06,R,1
146,170,467,2015-03-01,R,1
147,146,269,2015-05-16,R,1
148,50,194,2016-10-25,R,1
149,130,430,2015-01-07,L,0
150,151,,2015-06-05,S,1
151,23,246,2016-02-28,S,1
152,131,205,2015-10-22,R,1
153,176,337,2015-08-22,S,1
154,103,312,2016-10-23,S,1
155,276,445,2015-11-08,L,0
156,157,266,2016-07-01,S,1
157,199,102,2016-05-06,S,1
158,147,461,2016-01-25,S,1
159,273,498,2016-03-13,S,1
160,197,86,2015-12-28,S,1
161,196,391,2016-10-26,S,1
162,205,,2015-05-19,L,0
163,274,18,2015-02-27,R,1
164,99,136,2016-07-21,S,1
165,267,96,2016-12-22,S,1
166,21,292,2015-07-26,R,1
167,249,362,2015-02-10,L,0
168,67,431,2016-01-31,R,1
169,132,107,2015-03-10,R,1
170,230,177,2015-12-23,R,1
171,18,380,2015-01-06,R,1
172,216,186,2016-04-02,L,0
173,245,405,2015-04-23,R,1
174,249,387,2016-09-18,R,1
175,268,199,2015-01-26,L,0
176,172,408,2016-08-31,L,0
177,116,366,2016-06-07,R,1
178,121,348,2015-07-03,S,1
179,163,412,2016-12-21,S,1
180,117,4,2016-10-16,L,0
181,193,305,2015-05-23,S,1
182,134,69,2015-07-12,S,1
183,187,78,2015-05-23,S,1
184,245,27,2015-12-12,L,0
185,185,231,2016-11-16,L,0
186,47,307,2016-04-15,R,1
187,35,238,2016-09-22,R,1
188,278,67,2015-09-15,R,1
189,276,164,2016-03-17,R,1
190,294,277,2015-10-07,R,1
191,181,418,2015-06-23,S,1
192,22,186,2016-02-17,L,0
193,121,23,2015-12-04,L,0
194,202,117,2016-07-10,L,0
195,172,39,2016-10-21,R,1
196,80,90,2016-07-22,L,0
197,269,,2016-06-11,S,1
198,112,34,2015-10-14,S,1
199,232,152,2016-07-07,R,1
200,230,253,2015-03-30,R,1
201,101,153,2015-07-18,S,1
202,34,151,2015-01-11,R,1
203,74,110,2015-05-25,R,1
204,140,97,2015-02-17,R,1
205,30,213,2016-07-13,L,0
206,289,162,2016-10-09,L,0
207,275,419,2016-03-13,L,0
208,61,284,2015-11-25,R,1
209,110,458,2016-08-11,R,1
210,88,107,2015-06-25,S,1
211,90,439,2015-07-28,L,0
212,290,418,2016-12-07,S,1
213,98,297,2016-08-25,S,1
214,58,214,2015-03-28,L,0
215,19,,2015-05-17,S,1
216,181,483,2016-06-08,L,0
217,34,308,2015-04-09,S,1
218,65,89,2016-03-13,S,1
219,213,92,2015-05-01,R,1
220,221,265,2015-04-30,S,1
221,173,14,2015-11-25,R,1
222,249,12,2016-10-27,L,0
223,133,139,2016-02-21,L,0
224,229,154,2016-02-14,L,0
225,65,483,2015-07-26,R,1
226,102,166,2016-08-29,L,0
227,141,298,2015-01-26,S,1
228,31,216,2016-12-16,L,0
229,40,,2016-09-23,L,0
230,85,494,2016-09-12,R,1
231,164,,2015-12-03,R,1
232,151,254,2015-01-29,L,0
233,16,368,2016-12-09,S,1
234,30,220,2015-07-29,S,1
235,58,184,2015-04-26,R,1
236,206,316,2016-07-23,S,1
237,144,219,2015-09-04,R,1
238,147,330,2016-10-26,S,1
239,162,114,2015-03-14,R,1
240,147,225,2015-02-20,R,1
241,250,336,2016-02-13,L,0
242,86,409,2016-09-04,S,1
243,40,255,2016-04-25,R,1
244,238,78,2016-10-09,L,0
245,229,41,2015-02-09,L,0
246,195,193,2016-10-23,R,1
247,42,496,2016-12-01,L,0
248,283,488,2016-06-02,R,1
249,96,453,2016-02-27,S,1
250,111,88,2016-09-13,L,0
251,79,477,2016-02-08,S,1
252,154,463,2016-10-31,S,1
253,5,493,2016-02-18,R,1
254,40,395,2016-01-22,L,0
255,127,404,2015-10-04,R,1
256,30,493,2016-12-28,R,1
257,278,478,2015-09-01,L,0
258,35,272,2015-08-13,L,0
259,81,199,2015-06-01,S,1
260,12,407,2015-06-01,S,1
261,61,157,2016-03-21,L,0
262,38,366,2016-01-20,L,0
263,4,203,2016-05-12,L,0
264,139,365,2015-03-26,R,1
265,239,307,2015-11-03,S,1
266,37,494,2016-02-29,S,1
267,172,244,2016-05-04,R,1
268,268,225,2016-12-14,R,1
269,169,260,2016-11-05,R,1
270,59,9,2016-04-14,L,0
271,127,474,2016-09-22,R,1
272,29,323,2015-10-18,S,1
273,260,446,2016-01-31,S,1
274,129,489,2015-06-11,R,1
275,10,279,2016-04-21,R,1
276,118,291,2015-08-30,R,1
277,183,146,2015-04-23,R,1
278,133,287,2015-12-26,R,1
279,230,2,2016-06-24,L,0
280,219,439,2015-07-25,L,0
281,274,342,2015-01-08,S,1
282,64,164,2015-11-25,R,1
283,56,270,2016-05-11,S,1
284,102,70,2016-08-23,L,0
285,176,177,2015-07-04,L,0
286,1,488,2015-05-15,L,0
287,98,346,2015-01-19,S,1
288,273,264,2015-03-08,R,1
289,1,41,2015-05-05,L,0
290,261,366,2015-06-04,S,1
291,11,27,2016-12-07,L,0
292,28,104,2015-01-01,L,0
293,131,152,2016-02-27,S,1
294,254,27,2016-04-30,R,1
295,34,120,2016-12-20,S,1
296,231,438,2015-12-10,L,0
297,199,107,2015-01-19,R,1
298,113,104,2016-06-16,L,0
299,151,44,2015-05-19,S,1
300,106,177,2016-07-29,S,1
301,218,54,2016-09-12,L,0
302,163,261,2015-03-12,R,1
303,135,230,2015-12-04,L,0
304,185,430,2015-09-10,S,1
305,178,171,2015-04-07,R,1
306,70,200,2015-06-08,L,0
307,137,59,2016-07-15,L,0
308,60,430,2016-07-03,L,0
309,24,149,2015-09-26,S,1
310,173,124,2016-03-01,L,0
311,116,113,2015-07-31,R,1
312,97,305,2015-08-20,S,1
313,118,85,2015-08-10,R,1
314,74,271,2015-07-19,L,0
315,64,R,2015-12-21,S,1
316,266,263,2016-01-16,L,0
317,122,469,2015-03-19,S,1
318,28,305,2016-07-16,S,1
319,61,32,2016-01-31,R,1
320,234,484,2016-05-02,R,1
321,141,188,2015-08-28,S,1
322,53,201,2016-05-05,R,1
323,201,337,2015-03-14,R,1
324,226,341,2016-08-10,L,0
325,7,43,2016-03-25,S,1
326,267,151,2016-02-24,R,1
327,9,329,2016-07-25,L,0
328,120,336,2016-07-16,L,0
329,278,7,2016-07-05,S,1
330,104,470,2015-09-03,S,1
331,179,,2015-06-02,R,1
332,264,230,2016-03-09,R,1
333,167,377,2016-07-17,S,1
334,9,31,2016-10-20,S,1
335,267,244,2016-03-04,L,0
336,95,131,2016-02-29,L,0
337,179,130,2016-01-13,L,0
338,287,23,2015-09-27,L,0
339,189,240,2015-01-13,S,1
340,202,223,2016-05-11,R,1
341,144,288,2015-09-24,R,1
342,177,310,2015-06-27,L,0
343,96,422,2015-06-25,S,1
344,96,282,2015-01-15,S,1
345,33,232,2016-01-27,R,1
346,88,371,2015-01-25,L,0
347,190,350,2015-05-31,S,1
348,168,54,2016-07-02,R,1
349,184,269,2016-08-10,R,1
350,70,52,2016-08-17,R,1
351,70,256,2016-02-19,R,1
352,215,179,2015-11-21,R,1
353,146,43,2016-09-09,R,1
354,66,304,2015-07-09,S,1
355,275,234,2015-10-25,L,0
356,4,198,2015-04-05,S,1
357,231,239,2015-09-22,S,1
358,187,423,2015-01-05,R,1
359,22,143,2015-11-13,L,0
360,74,232,2015-05-13,R,1
361,261,432,2015-10-04,R,1
362,193,435,2016-08-28,S,1
363,280,103,2016-02-07,S,1
364,174,368,2016-03-10,R,1
365,257,42,2015-06-05,S,1
366,218,68,2016-08-05,S,1
367,174,367,2016-02-26,L,0
368,166,460,2016-05-08,L,0
369,17,429,2015-08-02,R,1
370,273,68,2016-05-05,S,1
371,60,94,2015-04-28,R,1
372,243,133,2016-08-07,S,1
373,36,451,2015-03-29,R,1
374,65,425,2016-08-26,L,0
375,142,216,2015-09-11,S,1
376,294,161,2016-08-22,R,1
377,255,410,2015-06-05,L,0
378,104,491,2015-10-09,L,0
379,142,138,2015-12-06,R,1
380,135,129,2016-05-18,L,0
381,180,230,2015-10-17,S,1
382,208,496,2016-06-10,L,0
383,44,201,2016-06-17,S,1
384,109,494,2016-09-12,R,1
385,241,398,2015-05-15,R,1
386,280,127,2016-05-04,L,0
387,215,95,2016-11-28,S,1
388,169,231,2015-03-30,R,1
389,214,114,2016-04-13,R,1
390,79,257,2016-04-16,S,1
391,241,375,2015-04-02,R,1
392,229,414,2016-09-26,L,0
393,120,305,2015-12-04,R,1
394,123,264,2015-07-28,R,1
395,237,498,2015-02-09,S,1
396,99,470,2015-07-19,L,0
397,212,210,2016-05-17,S,1
398,291,451,2015-05-26,S,1
399,175,301,2015-05-09,S,1
400,149,91,2015-09-01,S,1
401,132,435,2015-11-01,L,0
402,69,374,2016-01-13,L,0
403,236,130,2016-08-11,L,0
404,268,195,2015-09-05,S,1
405,146,132,2015-04-06,S,1
406,207,332,2016-06-26,S,1
407,70,406,2016-11-25,L,0
408,90,137,2015-08-30,R,1
409,62,84,2016-05-23,L,0
410,259,355,2016-04-11,S,1
411,126,419,2015-03-10,R,1
412,92,499,2016-11-26,S,1
413,60,213,2016-06-26,S,1
414,246,196,2016-06-30,R,1
415,124,484,2016-03-04,S,1
416,265,297,2016-07-08,S,1
417,17,401,2015-10-01,S,1
418,193,303,2016-01-10,S,1
419,25,12,2015-09-29,L,0
420,260,7,2015-12-08,R,1
421,4,68,2015-11-02,L,0
422,216,131,2015-01-23,L,0
423,71,144,2016-04-17,S,1
424,286,76,2015-12-01,S,1
425,193,61,2016-11-03,S,1
426,34,392,2015-07-14,R,1
427,82,139,2015-02-21,S,1
428,1,100,2016-03-19,L,0
429,22,90,2015-09-07,S,1
430,94,117,2016-02-05,R,1
431,39,376,2016-05-08,S,1
432,272,241,2016-07-25,S,1
433,237,162,2016-02-23,L,0
434,71,475,2015-02-21,S,1
435,22,177,2016-03-19,S,1
436,165,392,2015-04-16,L,0
437,248,30,2016-12-14,S,1
438,146,60,2016-07-24,R,1
439,39,135,2015-05-29,R,1
440,177,72,2015-05-28,L,0
441,12,470,2016-09-26,R,1
442,107,439,2016-10-11,S,1
443,40,472,2016-09-25,L,0
444,139,16,2015-10-11,S,1
445,68,77,2016-03-23,S,1
446,190,264,2016-08-03,R,1
447,190,80,2016-11-15,S,1
448,293,336,2015-09-04,S,1
449,224,434,2016-01-13,S,1
450,173,421,2016-10-18,S,1
451,46,160,2015-08-19,R,1
452,124,40,2016-06-03,S,1
453,48,,2015-05-21,L,0
454,5,245,2016-04-30,S,1
455,58,301,2016-09-14,R,1
456,184,R,2016-06-10,R,1
457,144,478,2016-02-16,R,1
458,48,95,2015-06-11,R,1
459,47,416,2016-12-24,S,1
460,6,158,2016-10-10,R,1
461,34,3,2016-09-16,S,1
462,290,,2016-10-07,R,1
463,97,346,2016-01-21,S,1
464,233,310,2015-08-10,R,1
465,94,171,2016-02-10,L,0
466,188,237,2016-01-24,L,0
467,98,,2015-04-17,L,0
468,19,42,2015-07-19,L,0
469,222,373,2015-09-05,R,1
470,233,351,2016-11-26,S,1
471,205,343,2016-03-30,S,1
472,209,243,2015-04-17,L,0
473,143,149,2016-06-04,L,0
474,246,L,2016-08-17,R,1
475,249,500,2016-05-01,R,1
476,256,318,2015-05-13,R,1
477,252,219,2016-10-31,R,1
478,174,331,2016-04-19,R,1
479,40,6,2015-01-26,R,1
480,47,106,2016-12-04,S,1
481,167,57,2015-08-31,L,0
482,79,,2015-08-04,S,1
483,203,169,2015-05-08,R,1
484,153,246,2016-01-28,S,1
485,134,185,2015-12-24,R,1
486,19,467,2015-05-03,S,1
487,177,230,2016-11-12,R,1
488,19,6,2016-04-15,R,1
489,81,146,2016-07-06,R,1
490,289,80,2015-09-28,R,1
491,211,290,2015-07-10,L,0
492,188,385,2016-04-29,L,0
493,141,195,2015-09-24,L,0
494,104,,2015-12-04,R,1
495,163,338,2016-12-14,S,1
496,293,426,2015-03-25,R,1
497,182,187,2015-04-28,L,0
498,57,304,2015-07-12,L,0
499,279,311,2015-12-24,L,0
500,141,134,2015-10-30,L,0
501,101,321,2015-02-06,L,0
502,189,17,2015-01-23,R,1
503,229,84,2015-08-26,S,1
504,146,226,2015-07-01,R,1
505,104,233,2016-02-27,R,1
506,78,50,2015-02-26,S,1
507,109,167,2016-10-02,L,0
508,51,412,2015-09-02,R,1
509,124,99,2016-05-21,L,0
510,292,405,2016-06-22,S,1
511,192,179,2015-09-07,L,0
512,94,138,2016-01-08,S,1
513,274,311,2016-12-13,S,1
514,L,495,2016-06-05,S,1
515,21,435,2016-02-12,R,1
516,223,362,2016-02-09,S,1
517,92,234,2015-07-22,S,1
518,253,168,2015-01-21,S,1
519,172,47,2016-08-01,S,1
520,161,316,2015-04-05,R,1
521,109,139,2016-08-30,R,1
522,286,296,2016-04-07,S,1
523,13,372,2015-05-25,R,1
524,164,80,2015-01-07,L,0
525,275,223,2015-06-02,L,0
526,169,194,2015-07-20,R,1
527,282,280,2016-05-21,R,1
528,60,475,2015-08-22,S,1
529,19,424,2016-05-04,S,1
530,278,157,2016-07-20,L,0
531,110,28,2015-05-09,L,0
532,76,7,2016-10-12,L,0
533,235,350,2016-08-17,R,1
534,198,299,2015-08-04,R,1
535,65,21,2016-09-25,L,0
536,59,,2016-04-05,R,1
537,94,361,2015-04-02,S,1
538,146,229,2016-01-20,L,0
539,15,228,2016-01-24,S,1
540,254,145,2015-11-06,R,1
541,245,158,2016-05-02,S,1
542,190,152,2016-05-20,R,1
543,127,41,2016-08-23,S,1
544,31,87,2016-08-27,S,1
545,39,383,2016-06-14,L,0
546,292,355,2015-06-17,L,0
547,197,155,2016-06-05,R,1
548,186,344,2015-01-10,L,0
549,236,482,2016-05-19,R,1
550,124,230,2015-06-05,R,1
551,115,27,2016-03-15,S,1
552,176,270,2015-07-06,R,1
553,66,134,2016-01-23,S,1
554,46,431,2015-10-27,S,1
555,192,383,2015-01-24,R,1
556,185,165,2015-11-12,L,0
557,139,27,2016-04-28,S,1
558,103,111,2015-11-27,L,0
559,238,168,2015-05-16,R,1
560,241,457,2015-01-15,L,0
561,206,372,2015-07-14,L,0
562,171,117,2015-11-26,S,1
563,227,306,2015-09-22,S,1
564,184,178,2015-03-21,L,0
565,4,391,2015-09-24,R,1
566,133,257,2015-02-21,R,1
567,176,267,2015-02-22,R,1
568,134,251,2015-01-20,S,1
569,223,342,2015-11-02,L,0
570,266,387,2015-07-21,S,1
571,126,355,2015-12-11,R,1
572,293,452,2015-07-01,R,1
573,105,429,2015-04-28,S,1
574,227,463,2015-07-19,L,0
575,185,16,2015-08-21,R,1
576,185,308,2016-09-11,R,1
577,263,242,2015-09-09,L,0
578,226,375,2015-02-07,R,1
579,181,265,2016-05-01,L,0
580,229,263,2016-04-10,L,0
581,99,333,2015-10-31,R,1
582,84,213,2016-06-07,S,1
583,238,39,2015-02-23,R,1
584,272,97,2015-04-24,S,1
585,84,177,2016-09-23,L,0
586,273,144,2015-05-28,L,0
587,284,59,2015-06-10,S,1
588,39,326,2015-09-22,L,0
589,208,134,2015-03-31,S,1
590,72,381,2016-05-12,R,1
591,40,125,2016-02-10,S,1
592,220,445,2015-05-29,R,1
593,133,91,2015-06-17,L,0
594,198,375,2015-10-10,R,1
595,224,327,2015-12-17,R,1
596,32,191,2016-08-31,S,1
597,97,492,2016-02-29,R,1
598,90,297,2016-02-14,L,0
599,76,336,2015-01-11,R,1
600,86,154,2016-01-08,S,1
601,59,220,2015-09-24,R,1
602,236,434,2015-01-19,R,1
603,6,351,2015-01-07,L,0
604,153,276,2015-11-13,R,1
605,77,,2015-07-31,S,1
606,74,480,2016-06-21,S,1
607,204,412,2015-12-05,L,0
608,132,318,2016-12-24,S,1
609,276,221,2016-10-02,R,1
610,250,414,2015-03-14,S,1
611,51,61,2015-09-16,S,1
612,253,158,2016-03-17,R,1
613,34,209,2016-01-03,R,1
614,272,409,2015-01-07,L,0
615,227,336,2015-12-23,S,1
616,11,281,2016-05-16,L,0
617,140,140,2015-12-23,S,1
618,129,267,2016-10-07,L,0
619,259,490,2016-09-08,L,0
620,277,392,2016-02-03,L,0
621,L,283,2015-08-31,S,1
622,208,24,2016-12-10,L,0
623,143,265,2015-10-31,S,1
624,74,114,2015-03-25,S,1
625,273,393,2015-01-01,L,0
626,205,94,2016-08-12,L,0
627,117,381,2015-07-23,S,1
628,181,146,2015-03-21,S,1
629,24,324,2016-05-14,R,1
630,33,273,2016-08-27,S,1
631,117,376,2016-10-08,S,1
632,47,48,2016-09-29,S,1
633,263,330,2016-07-20,S,1
634,257,120,2015-05-08,R,1
635,155,494,2016-11-08,R,1
636,122,379,2015-11-15,R,1
637,132,380,2016-04-24,L,0
638,176,234,2016-05-13,R,1
639,14,437,2016-07-19,L,0
640,138,323,2016-12-06,S,1
641,272,451,2015-02-22,L,0
642,86,283,2016-10-27,S,1
643,237,291,2016-01-21,R,1
644,24,36,2015-11-24,L,0
645,26,443,2015-04-06,S,1
646,153,393,2016-08-23,S,1
647,207,298,2015-10-19,L,0
648,58,253,2015-07-21,L,0
649,81,348,2015-07-27,R,1
650,267,498,2016-09-09,L,0
651,273,139,2016-07-15,S,1
652,47,208,2015-11-29,S,1
653,238,8,2015-08-19,L,0
654,274,394,2015-11-11,S,1
655,211,356,2016-05-20,S,1
656,194,234,2016-08-22,R,1
657,58,142,2015-12-17,S,1
658,187,36,2016-02-19,S,1
659,190,107,2015-07-25,S,1
660,93,25,2016-04-06,S,1
661,35,R,2015-09-17,R,1
662,96,47,2016-09-15,L,0
663,88,267,2016-12-11,S,1
664,84,207,2016-02-24,L,0
665,158,464,2016-11-11,R,1
666,179,66,2016-10-08,L,0
667,229,372,2015-09-24,L,0
668,76,74,2015-04-11,S,1
669,208,331,2016-05-03,L,0
670,68,332,2016-03-05,L,0
671,212,108,2015-08-20,S,1
672,227,486,2016-12-02,S,1
673,285,93,2016-08-22,S,1
674,173,53,2016-07-03,S,1
675,35,278,2016-01-17,L,0
676,107,334,2016-10-18,R,1
677,173,401,2016-10-25,S,1
678,18,479,2016-04-26,L,0
679,243,394,2015-07-11,L,0
680,282,232,2016-05-30,S,1
681,138,438,2016-08-18,R,1
682,149,248,2015-11-15,S,1
683,272,444,2016-12-18,L,0
684,204,293,2015-12-27,R,1
685,36,257,2016-11-14,S,1
686,244,61,2016-05-21,R,1
687,217,165,2015-01-28,S,1
688,81,76,2016-02-07,L,0
689,84,479,2016-10-02,L,0
690,91,264,2016-03-25,R,1
691,184,222,2015-01-07,L,0
692,66,110,2016-05-04,L,0
693,71,230,2016-10-26,S,1
694,75,265,2015-05-19,R,1
695,46,392,2016-07-21,R,1
696,261,144,2015-03-23,L,0
697,215,191,2016-01-26,S,1
698,96,285,2015-05-21,R,1
699,165,66,2015-06-12,L,0
700,155,173,2016-01-31,L,0
701,255,86,2016-05-06,R,1
702,111,390,2016-06-08,R,1
703,151,193,2016-07-20,L,0
704,37,404,2015-02-26,S,1
705,163,111,2016-04-14,S,1
706,36,229,2016-08-07,L,0
707,233,44,2016-12-04,L,0
708,146,28,2015-04-20,L,0
709,193,359,2016-02-13,L,0
710,189,58,2015-05-24,L,0
711,149,376,2016-10-23,R,1
712,216,188,2016-01-08,L,0
713,115,122,2015-02-20,S,1
714,197,445,2016-03-13,S,1
715,48,438,2016-05-16,R,1
716,273,142,2015-09-28,R,1
717,75,172,2016-06-18,S,1
718,212,281,2016-09-24,S,1
719,192,379,2015-10-05,S,1
720,230,127,2016-03-28,R,1
721,41,8,2015-11-18,L,0
722,134,257,2016-03-30,S,1
723,97,229,2015-09-16,L,0
724,L,27,2016-05-02,L,0
725,284,,2015-11-04,R,1
726,201,320,2015-01-22,S,1
727,103,57,2015-09-12,R,1
728,146,263,2016-04-04,L,0
729,96,361,2016-12-01,L,0
730,189,441,2016-08-16,L,0
731,216,102,2015-12-13,L,0
732,202,340,2016-10-15,L,0
733,293,47,2015-10-21,R,1
734,174,68,2016-09-19,L,0
735,134,277,2016-03-03,S,1
736,284,487,2016-10-26,S,1
737,252,408,2015-09-18,L,0
738,141,79,2015-02-14,L,0
739,94,490,2015-03-06,S,1
740,159,34,2016-02-20,S,1
741,5,199,2015-03-15,R,1
742,156,497,2016-12-12,L,0
743,184,435,2015-05-26,R,1
744,233,408,2015-04-23,S,1
745,171,158,2015-02-23,L,0
746,171,465,2015-03-04,R,1
747,249,46,2015-06-03,L,0
748,100,32,2015-04-26,R,1
749,257,267,2015-11-13,S,1
750,152,52,2015-01-19,L,0
751,268,7,2016-10-17,S,1
752,270,78,2016-05-24,L,0
753,286,139,2015-07-20,S,1
754,215,,2015-11-04,S,1
755,229,98,2015-03-10,R,1
756,238,318,2015-11-30,R,1
757,65,109,2015-08-18,S,1
758,87,485,2015-01-15,R,1
759,267,427,2016-11-21,L,0
760,277,181,2016-12-09,L,0
761,15,307,2015-05-07,L,0
762,127,16,2015-04-02,R,1
763,181,215,2015-10-29,L,0
764,29,200,2015-09-14,R,1
765,88,45,2015-12-02,S,1
766,48,472,2016-10-19,R,1
767,157,278,2015-08-24,R,1
768,64,419,2016-05-18,R,1
769,245,161,2015-07-08,S,1
770,129,334,2015-07-30,S,1
771,14,362,2015-09-05,S,1
772,275,241,2016-07-05,L,0
773,189,481,2016-01-29,L,0
774,160,454,2016-11-07,L,0
775,267,115,2016-07-20,L,0
776,110,460,2015-06-10,L,0
777,125,434,2015-11-04,S,1
778,189,341,2015-12-31,L,0
779,151,312,2015-02-18,R,1
780,203,288,2015-03-17,L,0
781,41,280,2016-12-05,R,1
782,11,438,2016-07-18,R,1
783,65,69,2016-12-07,R,1
784,32,347,2016-05-22,S,1
785,177,226,2016-03-31,L,0
786,31,14,2016-01-08,S,1
787,160,167,2015-01-26,R,1
788,229,113,2016-11-29,S,1
789,76,163,2015-02-24,R,1
790,214,451,2015-09-22,L,0
791,117,399,2016-01-01,S,1
792,127,56,2016-05-20,R,1
793,206,,2015-12-09,L,0
794,218,415,2015-10-20,R,1
795,49,482,2015-01-06,S,1
796,90,396,2016-11-21,L,0
797,295,263,2015-07-13,L,0
798,13,155,2015-09-16,R,1
799,218,418,2016-12-06,L,0
800,72,213,2016-06-04,R,1
801,143,103,2016-11-27,R,1
802,37,258,2016-05-22,R,1
803,131,307,2015-07-13,L,0
804,80,307,2016-05-22,L,0
805,162,58,2016-06-20,R,1
806,158,217,2016-10-18,S,1
807,173,325,2015-01-04,R,1
808,65,192,2016-02-03,S,1
809,285,296,2015-03-05,S,1
810,174,260,2016-06-19,R,1
811,125,67,2015-04-08,L,0
812,200,468,2016-08-24,S,1
813,43,,2015-01-08,L,0
814,163,423,2016-04-27,R,1
815,58,269,2016-02-21,R,1
816,47,342,2016-10-16,S,1
817,199,311,2016-03-02,R,1
818,60,200,2015-06-30,L,0
819,88,61,2016-01-22,S,1
820,51,,2015-04-11,L,0
821,225,301,2016-06-30,R,1
822,125,407,2016-04-30,S,1
823,46,471,2016-09-13,S,1
824,118,35,2015-11-03,L,0
825,65,141,2016-06-09,R,1
826,16,156,2016-08-24,R,1
827,35,332,2015-02-14,R,1
828,126,187,2015-03-09,L,0
829,38,383,2015-04-02,R,1
830,200,19,2016-11-07,R,1
831,79,180,2016-02-14,S,1
832,73,182,2015-11-18,R,1
833,60,490,2016-07-09,S,1
834,135,409,2015-09-23,S,1
835,207,168,2015-05-03,S,1
836,124,230,2016-11-08,S,1
837,167,77,2016-04-12,R,1
838,103,228,2015-05-19,R,1
839,11,321,2015-04-21,S,1
840,145,453,2015-10-28,S,1
841,57,112,2016-08-01,R,1
842,173,253,2015-11-07,L,0
843,100,490,2015-07-14,L,0
844,9,329,2016-12-03,S,1
845,217,221,2015-10-30,S,1
846,151,162,2015-07-14,S,1
847,285,46,2016-11-05,S,1
848,179,379,2016-10-24,S,1
849,9,163,2016-05-26,R,1
850,22,243,2015-08-18,L,0
851,194,500,2015-04-01,S,1
852,111,164,2015-07-10,L,0
853,158,459,2016-10-06,L,0
854,112,377,2016-04-09,L,0
855,107,225,2016-08-28,S,1
856,282,326,2016-05-29,L,0
857,134,164,2015-12-18,L,0
858,139,362,2015-05-03,R,1
859,147,319,2016-10-02,L,0
860,257,417,2016-10-09,R,1
861,74,484,2015-12-22,L,0
862,211,126,2016-11-02,L,0
863,249,76,2015-04-25,S,1
864,163,495,2016-09-09,R,1
865,76,7,2016-03-25,S,1
866,279,491,2016-09-07,S,1
867,278,182,2015-01-14,R,1
868,77,337,2015-07-02,S,1
869,48,366,2015-06-30,R,1
870,270,187,2015-01-15,S,1
871,293,474,2016-06-10,S,1
872,187,299,2016-06-03,S,1
873,142,288,2015-09-01,S,1
874,178,448,2015-07-10,R,1
875,218,180,2016-06-09,L,0
876,256,430,2015-12-25,R,1
877,89,283,2016-01-08,S,1
878,132,442,2016-02-05,S,1
879,45,132,2016-03-21,R,1
880,177,210,2015-02-08,L,0
881,217,363,2015-10-28,R,1
882,291,444,2016-09-10,R,1
883,271,76,2015-04-08,L,0
884,85,33,2016-06-29,S,1
885,133,489,2015-09-07,R,1
886,279,367,2015-12-03,S,1
887,278,,2016-11-10,L,0
888,168,,2016-07-08,S,1
889,153,384,2016-04-06,R,1
890,62,448,2015-01-15,R,1
891,192,245,2016-07-19,S,1
892,5,327,2016-02-22,L,0
893,126,345,2016-04-19,L,0
894,243,89,2015-04-23,S,1
895,176,435,2015-02-28,R,1
896,107,452,2016-10-30,S,1
897,164,76,2016-12-16,L,0
898,184,469,2016-04-14,S,1
899,193,213,2015-04-19,L,0
900,31,123,2016-08-03,R,1
901,152,91,2015-10-22,R,1
902,206,288,2015-05-18,R,1
903,88,319,2015-01-14,L,0
904,35,96,2015-01-08,R,1
905,56,444,2016-07-30,R,1
906,257,257,2016-01-19,R,1
907,272,348,2015-09-14,L,0
908,224,142,2016-10-12,L,0
909,169,317,2015-08-19,S,1
910,163,363,2016-07-12,S,1
911,80,244,2015-05-26,S,1
912,27,418,2015-02-05,L,0
913,180,374,2015-01-02,L,0
914,140,141,2016-02-12,S,1
915,267,265,2016-07-01,R,1
916,101,49,2015-07-30,R,1
917,268,345,2015-08-02,S,1
918,41,252,2016-07-21,R,1
919,148,120,2015-08-14,S,1
920,19,286,2015-06-30,R,1
921,63,344,2015-12-23,R,1
922,52,375,2015-12-19,L,0
923,118,101,2016-07-13,S,1
924,220,56,2015-03-19,R,1
925,174,428,2015-01-20,L,0
926,192,433,2016-11-08,L,0
927,168,294,2015-05-08,S,1
928,27,246,2015-02-26,R,1
929,150,291,2015-03-28,R,1
930,167,204,2016-04-18,L,0
931,103,112,2016-05-27,S,1
932,22,479,2015-01-16,R,1
933,73,337,2015-11-27,L,0
934,44,42,2016-10-29,R,1
935,236,225,2016-03-16,L,0
936,85,25,2016-10-21,L,0
937,149,171,2015-07-25,S,1
938,120,70,2016-01-14,L,0
939,132,31,2016-11-05,R,1
940,19,494,2016-02-25,L,0
941,168,289,2016-02-20,S,1
942,219,107,2015-02-03,L,0
943,185,335,2016-01-30,R,1
944,62,311,2015-02-12,S,1
945,283,403,2016-02-26,R,1
946,83,196,2015-02-06,S,1
947,4,74,2015-01-03,R,1
948,251,101,2015-08-07,L,0
949,63,234,2016-03-15,R,1
950,78,479,2016-03-30,L,0
951,234,277,2015-06-27,S,1
952,166,334,2015-09-11,S,1
953,142,406,2016-10-01,R,1
954,214,109,2016-08-23,S,1
955,255,374,2015-07-21,L,0
956,130,240,2016-09-27,R,1
957,64,335,2015-02-15,R,1
958,185,202,2015-06-20,L,0
959,271,43,2015-02-03,S,1
960,232,37,2015-06-08,R,1
961,260,51,2016-11-28,S,1
962,220,255,2015-10-14,L,0
963,L,220,2015-09-17,L,0
964,52,203,2015-05-12,S,1
965,111,11,2016-01-18,L,0
966,172,243,2015-10-22,R,1
967,275,344,2016-05-15,L,0
968,88,338,2016-05-27,S,1
969,177,382,2015-06-21,S,1
970,269,220,2016-10-04,L,0
971,286,207,2015-01-11,L,0
972,14,342,2016-10-05,S,1
973,148,252,2016-04-02,S,1
974,270,182,2016-12-26,L,0
975,184,R,2016-05-15,S,1
976,145,266,2015-10-03,L,0
977,218,217,2016-10-21,L,0
978,7,412,2015-04-03,S,1
979,164,109,2016-01-06,L,0
980,119,460,2015-12-10,R,1
981,127,141,2016-06-19,R,1
982,202,485,2016-08-23,L,0
983,269,408,2016-04-27,L,0
984,188,155,2016-05-19,R,1
985,153,155,2015-11-14,S,1
986,10,,2016-02-05,R,1
987,26,251,2016-05-18,S,1
988,10,9,2015-01-05,L,0
989,147,132,2015-05-07,S,1
990,247,92,2015-03-01,R,1
991,204,496,2016-04-29,R,1
992,87,11,2016-03-02,S,1
993,119,460,2016-09-26,S,1
994,53,374,2016-02-14,S,1
995,244,345,2015-12-20,L,0
996,37,300,2015-05-20,L,0
997,95,406,2015-09-19,S,1
998,186,157,2016-12-25,R,1
999,195,242,2015-06-15,R,1
1000,122,460,2016-01-11,R,1
